ts,T3,T4,Entrada,Medio-adentro,Medio-1,Medio-2,Medio-3,Medio-4,Inferior-adentro,Inferior-afuera,Salida
2020-04-02 12:18:00,24.25,23.25,24.88,24.8,24.47,24.25,24.16,23.66,24.12,23.99,23.94
2020-04-02 12:28:00,24.375,23.4375,24.89,24.76,24.45,24.21,24.15,23.64,24.09,23.94,23.92
2020-04-02 12:38:00,24.5,23.5,24.84,24.79,24.5,24.19,24.12,23.65,24.07,23.94,23.88
2020-04-02 12:48:00,24.625,23.6875,24.88,24.78,24.46,24.2,24.11,23.67,24.05,23.86,23.87
2020-04-02 12:58:00,24.75,23.8125,24.87,24.82,24.51,24.26,24.15,23.68,24.1,24.01,23.91
2020-04-02 13:08:00,24.75,23.875,24.96,24.82,24.52,24.28,24.14,23.72,24.15,23.93,23.93
2020-04-02 13:18:00,24.875,23.9375,24.94,24.81,24.52,24.22,24.08,23.69,24.06,23.86,23.87
2020-04-02 13:28:00,24.9375,24.0625,24.94,24.84,24.54,24.27,24.12,23.73,24.11,23.94,23.91
2020-04-02 13:38:00,25.0625,24.125,24.9,24.88,24.55,24.24,24.08,23.71,24.08,24,23.91
2020-04-02 13:48:00,25.1875,24.25,24.93,24.95,24.59,24.3,24.11,23.79,24.15,24.01,23.97
2020-04-02 13:58:00,25.25,24.375,24.9,24.89,24.57,24.26,24.09,23.76,24.1,23.94,23.92
2020-04-02 14:08:00,25.3125,24.4375,25.01,24.88,24.57,24.28,24.1,23.75,24.1,23.95,23.96
2020-04-02 14:18:00,25.375,24.375,24.95,24.94,24.62,24.27,24.13,23.81,24.1,23.98,23.97
2020-04-02 14:28:00,25.5,24.5,24.65,23.92,23.02,23.99,24.23,22.75,24.02,23.92,23.23
2020-04-02 14:38:00,25.5625,24.5625,24.63,23.93,22.98,23.99,24.23,22.75,24.05,24.04,23.24
2020-04-02 14:48:00,25.625,24.625,24.82,24.48,24,24.05,24.24,22.89,24.06,23.94,23.65
2020-04-02 14:58:00,25.6875,24.6875,24.79,24.52,24.19,24.14,24.33,23.29,24.12,24.09,23.79
2020-04-02 15:08:00,25.75,24.6875,24.92,24.58,24.32,24.23,24.39,23.45,24.17,24.05,23.9
2020-04-02 15:18:00,25.75,24.75,24.96,24.63,24.41,24.3,24.44,23.58,24.26,24.22,24
2020-04-02 15:28:00,25.8125,24.8125,25.05,24.73,24.49,24.34,24.47,23.63,24.27,24.29,24.05
2020-04-02 15:38:00,25.8125,24.8125,25.02,24.81,24.57,24.36,24.48,23.78,24.3,24.23,24.06
2020-04-02 15:48:00,25.8125,24.8125,25.02,24.83,24.59,24.39,24.52,23.78,24.32,24.35,24.1
2020-04-02 15:58:00,25.875,24.875,25.03,24.86,24.63,24.38,24.44,23.82,24.28,24.24,24.08
2020-04-02 16:08:00,25.8125,24.875,24.98,24.82,24.56,24.37,24.41,23.74,24.26,24.25,24.45
2020-04-02 16:18:00,25.8125,24.875,24.86,24.69,24.44,24.25,24.25,23.64,24.16,24.15,24.36
2020-04-02 16:28:00,25.875,24.9375,24.71,24.58,24.29,24.11,24.09,23.55,24.05,23.91,24.22
2020-04-02 16:38:00,25.875,24.875,24.61,24.5,24.22,24.05,24.02,23.46,23.95,23.88,24.15
2020-04-02 16:48:00,25.875,24.875,24.59,24.52,24.19,24.02,23.94,23.46,23.88,23.77,24.09
2020-04-02 16:58:00,25.875,24.9375,24.48,24.48,24.18,23.97,23.9,23.42,23.89,23.84,24.05
2020-04-02 17:08:00,25.875,24.9375,24.54,24.43,24.13,23.95,23.86,23.38,23.81,23.68,24.02
2020-04-02 17:18:00,25.875,24.9375,24.56,24.44,24.15,23.95,23.84,23.39,23.86,23.68,24.01
2020-04-02 17:28:00,25.875,24.9375,24.56,24.54,24.23,24,23.89,23.42,23.9,23.83,24.09
2020-04-02 17:38:00,25.875,25,24.59,24.56,24.23,24.05,23.93,23.43,23.93,23.85,24.11
2020-04-02 17:48:00,25.8125,25,24.66,24.61,24.33,24.07,23.97,23.5,23.96,23.88,24.18
2020-04-02 17:58:00,25.8125,25,24.67,24.61,24.3,24.08,23.95,23.52,23.94,23.86,24.17
2020-04-02 18:08:00,25.8125,25,24.77,24.64,24.35,24.1,23.96,23.54,23.95,23.79,24.22
2020-04-02 18:18:00,25.8125,24.9375,24.81,24.68,24.39,24.16,24.01,23.61,24.01,23.82,24.26
2020-04-02 18:28:00,25.8125,24.9375,24.81,24.75,24.42,24.17,24.03,23.62,24.01,23.94,24.3
2020-04-02 18:38:00,25.8125,24.9375,24.84,24.81,24.49,24.18,24.04,23.65,24.04,23.96,24.34
2020-04-02 18:48:00,25.75,24.9375,24.98,24.87,24.54,24.25,24.08,23.7,24.09,23.98,24.4
2020-04-02 18:58:00,24.8125,24.8125,25.02,24.88,24.56,24.27,24.11,23.72,24.09,23.99,24.46
2020-04-02 19:08:00,24.625,24.6875,25.02,24.94,24.59,24.28,24.07,23.78,24.12,23.93,24.44
2020-04-02 19:18:00,24.5,24.5625,25.07,24.9,24.57,24.27,24.07,23.76,24.11,23.92,24.46
2020-04-02 19:28:00,24.4375,24.5,25.12,25,24.63,24.33,24.12,23.82,24.15,23.93,24.52
2020-04-02 19:38:00,24.375,24.4375,25.13,25.05,24.68,24.37,24.13,23.86,24.17,23.97,24.55
2020-04-02 19:48:00,24.3125,24.375,25.09,25.08,24.71,24.36,24.14,23.86,24.18,24.09,24.55
2020-04-02 19:58:00,24.25,24.3125,25.16,25.01,24.7,24.4,24.16,23.84,24.19,24,24.59
2020-04-02 20:08:00,24.25,24.25,25.11,25,24.67,24.32,24.12,23.85,24.16,23.95,24.55
2020-04-02 20:18:00,24.1875,24.1875,25.12,25,24.7,24.38,24.12,23.85,24.18,23.99,24.6
2020-04-02 20:28:00,24.125,24.1875,25.11,25.07,24.69,24.36,24.14,23.87,24.19,24.02,24.58
2020-04-02 20:38:00,24.125,24.125,25.16,25.02,24.71,24.39,24.15,23.86,24.2,24.02,24.55
2020-04-02 20:48:00,24.0625,24.125,25.18,25,24.7,24.36,24.15,23.83,24.17,24.01,24.56
2020-04-02 20:58:00,24.0625,24.125,25.14,25.04,24.71,24.42,24.16,23.88,24.21,24,24.59
2020-04-02 21:08:00,24.0625,24.0625,25.1,25.03,24.72,24.38,24.14,23.83,24.19,24.1,24.57
2020-04-02 21:18:00,24.0625,24.0625,25.18,25.09,24.72,24.45,24.18,23.91,24.23,24.03,24.63
2020-04-02 21:28:00,24,24.0625,25.13,25.1,24.75,24.41,24.17,23.89,24.21,24.06,24.59
2020-04-02 21:38:00,24,24,25.2,25.1,24.78,24.43,24.2,23.92,24.23,24.05,24.62
2020-04-02 21:48:00,24,24,25.16,25.12,24.77,24.42,24.17,23.93,24.23,24.04,24.6
2020-04-02 21:58:00,24,24,25.23,25.15,24.78,24.45,24.2,23.93,24.25,24.12,24.62
2020-04-02 22:08:00,23.9375,23.9375,25.22,25.19,24.84,24.49,24.22,23.97,24.31,24.1,24.65
2020-04-02 22:18:00,23.9375,23.9375,25.23,25.14,24.81,24.47,24.19,23.95,24.26,24.05,24.6
2020-04-02 22:28:00,23.9375,23.9375,25.24,25.13,24.78,24.44,24.18,23.91,24.24,24.05,24.63
2020-04-02 22:38:00,23.9375,23.9375,25.19,25.11,24.78,24.44,24.2,23.9,24.24,24.11,24.65
2020-04-02 22:48:00,23.9375,23.9375,25.22,25.16,24.82,24.47,24.2,23.97,24.28,24.09,24.62
2020-04-02 22:58:00,23.875,23.875,24.44,24.31,24.15,24.11,24.24,23.47,24.11,24.06,24.32
2020-04-02 23:08:00,23.875,23.875,24.43,24.27,24.14,24.07,24.23,23.48,24.06,24.01,24.35
2020-04-02 23:18:00,23.875,23.875,24.55,24.38,24.22,24.11,24.27,23.54,24.09,24.02,24.48
2020-04-02 23:28:00,23.875,23.875,24.66,24.4,24.28,24.18,24.29,23.58,24.14,24.1,24.46
2020-04-02 23:38:00,23.8125,23.875,24.77,24.48,24.37,24.23,24.36,23.69,24.18,24.12,24.65
2020-04-02 23:48:00,23.8125,23.8125,24.87,24.57,24.46,24.29,24.4,23.76,24.22,24.17,24.72
2020-04-02 23:58:00,23.8125,23.8125,24.9,24.68,24.55,24.36,24.49,23.84,24.29,24.33,24.71
2020-04-03 00:08:00,23.8125,23.8125,24.95,24.75,24.62,24.38,24.49,23.87,24.33,24.29,24.74
2020-04-03 00:18:00,23.8125,23.8125,24.97,24.67,24.6,24.39,24.47,23.85,24.32,24.24,24.52
2020-04-03 00:28:00,23.8125,23.8125,24.92,24.64,24.54,24.32,24.4,23.83,24.27,24.18,24.4
2020-04-03 00:38:00,23.8125,23.8125,24.85,24.67,24.53,24.32,24.38,23.78,24.26,24.24,24.43
2020-04-03 00:48:00,23.8125,23.8125,24.79,24.59,24.43,24.25,24.26,23.74,24.2,24.13,24.38
2020-04-03 00:58:00,23.8125,23.8125,24.73,24.58,24.43,24.23,24.21,23.72,24.14,24.01,24.34
2020-04-03 01:08:00,23.8125,23.8125,24.7,24.53,24.34,24.16,24.15,23.64,24.08,23.93,24.25
2020-04-03 01:18:00,23.8125,23.75,24.69,24.52,24.36,24.15,24.15,23.63,24.08,23.98,24.28
2020-04-03 01:28:00,23.8125,23.75,24.7,24.53,24.35,24.15,24.11,23.64,24.07,23.9,24.23
2020-04-03 01:38:00,23.75,23.75,24.67,24.54,24.36,24.17,24.13,23.63,24.07,24.03,24.26
2020-04-03 01:48:00,23.75,23.75,24.68,24.54,24.36,24.14,24.12,23.67,24.06,23.93,24.14
2020-04-03 01:58:00,23.75,23.75,24.68,24.57,24.36,24.14,24.12,23.63,24.04,23.95,24.24
2020-04-03 02:08:00,23.75,23.75,24.77,24.58,24.38,24.17,24.13,23.64,24.07,23.95,24.3
2020-04-03 02:18:00,23.75,23.75,24.73,24.6,24.4,24.19,24.14,23.66,24.08,23.99,24.28
2020-04-03 02:28:00,23.75,23.75,24.82,24.61,24.42,24.22,24.14,23.68,24.09,23.96,24.33
2020-04-03 02:38:00,23.75,23.75,24.8,24.7,24.47,24.21,24.16,23.72,24.15,24.05,24.39
2020-04-03 02:48:00,23.75,23.75,24.7,24.61,24.42,24.22,24.12,23.7,24.11,24.02,21.44
2020-04-03 02:58:00,23.75,23.75,24.75,24.66,24.49,24.19,24.14,23.7,24.13,23.96,24.24
2020-04-03 03:08:00,23.75,23.75,24.91,24.76,24.53,24.25,24.18,23.78,24.12,24,24.24
2020-04-03 03:18:00,23.75,23.75,24.97,24.77,24.56,24.25,24.19,23.83,24.14,23.94,24.37
2020-04-03 03:28:00,23.75,23.75,25.01,24.81,24.6,24.33,24.24,23.84,24.18,24.01,24.32
2020-04-03 03:38:00,23.75,23.75,25.06,24.88,24.64,24.35,24.26,23.88,24.22,24.02,24.45
2020-04-03 03:48:00,23.75,23.75,25.08,24.9,24.68,24.36,24.24,23.93,24.23,24.04,24.49
2020-04-03 03:58:00,23.75,23.75,25.06,24.92,24.69,24.39,24.25,23.89,24.22,24.09,24.49
2020-04-03 04:08:00,23.75,23.75,25.07,24.97,24.72,24.36,24.24,23.92,24.24,24.13,24.52
2020-04-03 04:18:00,23.75,23.6875,25.02,24.92,24.67,24.34,24.25,23.89,24.2,24.08,24.47
2020-04-03 04:28:00,23.6875,23.6875,25.03,24.91,24.66,24.34,24.2,23.86,24.19,24.05,24.48
2020-04-03 04:38:00,23.6875,23.6875,25.07,24.94,24.69,24.38,24.24,23.94,24.22,24.05,24.5
2020-04-03 04:48:00,23.6875,23.6875,25.1,24.96,24.69,24.38,24.25,23.89,24.22,24.12,24.55
2020-04-03 04:58:00,23.6875,23.6875,25.09,24.93,24.66,24.36,24.23,23.9,24.2,24.03,24.49
2020-04-03 05:08:00,23.6875,23.6875,25.07,24.99,24.71,24.38,24.22,23.91,24.24,24.09,24.53
2020-04-03 05:18:00,23.6875,23.6875,25.17,24.97,24.72,24.41,24.24,23.93,24.23,24.05,24.55
2020-04-03 05:28:00,23.625,23.625,25.16,24.96,24.7,24.36,24.19,23.9,24.23,24.03,24.54
2020-04-03 05:38:00,23.625,23.625,25.17,24.98,24.75,24.42,24.24,23.94,24.26,24.1,24.53
2020-04-03 05:48:00,23.625,23.625,25.1,25.04,24.74,24.39,24.23,23.94,24.22,24.09,24.58
2020-04-03 05:58:00,23.625,23.625,25.11,25.02,24.75,24.38,24.21,23.94,24.21,24.03,24.51
2020-04-03 06:08:00,23.6875,23.6875,25.16,25.03,24.74,24.42,24.2,23.94,24.22,24.03,24.55
2020-04-03 06:18:00,23.6875,23.6875,25.2,25.05,24.78,24.43,24.2,23.99,24.24,24.02,24.55
2020-04-03 06:28:00,23.6875,23.6875,25.19,25.06,24.79,24.46,24.21,23.96,24.27,24.16,24.59
2020-04-03 06:38:00,23.6875,23.6875,25.23,25.12,24.82,24.47,24.26,24.01,24.29,24.1,24.62
2020-04-03 06:48:00,23.6875,23.6875,25.23,25.06,24.78,24.42,24.23,23.97,24.26,24.06,24.56
2020-04-03 06:58:00,23.625,23.625,25.16,25.09,24.81,24.44,24.25,23.99,24.28,24.17,24.53
2020-04-03 07:08:00,23.625,23.625,24.53,24.3,24.15,24.12,24.29,23.41,24.11,24.1,23.99
2020-04-03 07:18:00,23.625,23.625,24.6,24.3,24.18,24.12,24.27,23.45,24.13,24.06,24.08
2020-04-03 07:28:00,23.625,23.625,24.59,24.38,24.21,24.18,24.3,23.52,24.14,24.15,24.44
2020-04-03 07:38:00,23.625,23.625,24.58,24.45,24.29,24.19,24.31,23.58,24.18,24.19,24.52
2020-04-03 07:48:00,23.625,23.625,24.64,24.45,24.29,24.21,24.33,23.61,24.19,24.18,24.56
2020-04-03 07:58:00,23.625,23.625,24.72,24.46,24.35,24.23,24.33,23.64,24.16,24.14,24.64
2020-04-03 08:08:00,23.625,23.625,24.73,24.54,24.39,24.2,24.33,23.69,24.16,24.15,24.67
2020-04-03 08:18:00,23.5625,23.625,24.96,24.69,24.54,24.39,24.46,23.84,24.33,24.29,24.88
2020-04-03 08:28:00,23.5625,23.625,24.97,24.79,24.61,24.39,24.5,23.92,24.34,24.37,24.94
2020-04-03 08:38:00,23.5625,23.625,25.01,24.84,24.68,24.44,24.54,23.95,24.37,24.38,24.83
2020-04-03 08:48:00,23.625,23.5625,25.04,24.81,24.69,24.47,24.51,23.93,24.35,24.36,24.62
2020-04-03 08:58:00,23.625,23.625,25.06,24.87,24.69,24.46,24.51,23.97,24.36,24.29,24.56
2020-04-03 09:08:00,23.625,23.625,25.01,24.86,24.66,24.41,24.46,23.94,24.33,24.27,24.52
2020-04-03 09:18:00,23.5625,23.5625,25.06,24.82,24.64,24.4,24.42,23.96,24.31,24.21,24.52
2020-04-03 09:28:00,24.0625,23.25,24.96,24.78,24.58,24.34,24.36,23.87,24.25,24.14,24.41
2020-04-03 09:38:00,24.375,23.4375,24.95,24.8,24.59,24.33,24.29,23.88,24.22,24.11,24.44
2020-04-03 09:48:00,24.5,23.625,24.85,24.77,24.5,24.28,24.23,23.82,24.18,24.1,24.41
2020-04-03 09:58:00,24.6875,23.75,24.81,24.68,24.45,24.22,24.16,23.73,24.12,24.07,24.31
2020-04-03 10:08:00,24.75,23.875,24.77,24.73,24.45,24.22,24.13,23.74,24.1,24.08,24.31
2020-04-03 10:18:00,24.875,23.9375,24.79,24.73,24.44,24.16,24.06,23.68,24.04,24.01,24.33
2020-04-03 10:28:00,24.9375,24.0625,24.82,24.73,24.47,24.2,24.08,23.76,24.07,23.94,24.31
2020-04-03 10:38:00,25.0625,24.125,24.84,24.73,24.48,24.23,24.09,23.74,24.06,24.02,24.32
2020-04-03 10:48:00,25.125,24.25,24.82,24.74,24.48,24.2,24.1,23.74,24.09,23.99,24.33
2020-04-03 10:58:00,25.1875,24.3125,24.91,24.75,24.47,24.22,24.07,23.74,24.08,23.91,24.37
2020-04-03 11:08:00,25.3125,24.4375,24.99,24.84,24.57,24.27,24.12,23.83,24.11,23.95,24.44
2020-04-03 11:18:00,25.4375,24.5,24.99,24.89,24.62,24.29,24.16,23.86,24.17,24.03,24.44
2020-04-03 11:28:00,25.5,24.625,25.02,24.91,24.63,24.31,24.17,23.88,24.18,24.06,24.46
2020-04-03 11:38:00,25.5625,24.625,25.14,24.99,24.7,24.38,24.19,23.94,24.2,24.03,24.52
2020-04-03 11:48:00,25.5625,24.6875,25.17,24.98,24.7,24.36,24.21,23.9,24.21,24.05,24.58
2020-04-03 11:58:00,25.625,24.6875,25.21,25.07,24.77,24.42,24.24,24,24.25,24.07,24.62
2020-04-03 12:08:00,25.625,24.75,25.18,25.1,24.77,24.41,24.21,24.01,24.23,24.09,24.59
2020-04-03 12:18:00,25.6875,24.8125,25.26,25.12,24.81,24.45,24.25,24.04,24.24,24.06,24.64
2020-04-03 12:28:00,25.75,24.75,25.25,25.11,24.81,24.47,24.26,23.97,24.29,24.16,24.66
2020-04-03 12:38:00,25.75,24.8125,25.31,25.12,24.81,24.44,24.23,23.99,24.24,24.15,24.65
2020-04-03 12:48:00,25.8125,24.875,25.28,25.18,24.86,24.49,24.26,24.06,24.32,24.19,24.7
2020-04-03 12:58:00,25.8125,24.9375,25.33,25.15,24.82,24.47,24.23,24,24.25,24.09,24.7
2020-04-03 13:08:00,25.875,24.9375,25.36,25.17,24.86,24.51,24.27,24.06,24.32,24.17,24.72
2020-04-03 13:18:00,25.875,24.9375,25.33,25.16,24.87,24.5,24.24,24.04,24.3,24.08,24.72
2020-04-03 13:28:00,25.9375,25,25.34,25.17,24.87,24.5,24.26,24.03,24.31,24.15,24.71
2020-04-03 13:38:00,25.9375,25,25.29,25.22,24.87,24.53,24.27,24.06,24.32,24.18,24.8
2020-04-03 13:48:00,25.875,25,25.31,25.22,24.88,24.5,24.25,24.05,24.28,24.12,24.72
2020-04-03 13:58:00,25.9375,25,25.34,25.27,24.9,24.52,24.27,24.08,24.34,24.23,24.74
2020-04-03 14:08:00,25.9375,25,25.4,25.24,24.93,24.56,24.27,24.12,24.36,24.13,24.76
2020-04-03 14:18:00,25.9375,25,25.44,25.27,24.97,24.57,24.3,24.11,24.37,24.16,24.8
2020-04-03 14:28:00,26,25,25.44,25.3,24.97,24.58,24.32,24.15,24.36,24.19,24.84
2020-04-03 14:38:00,26,25,25.46,25.29,24.96,24.58,24.31,24.15,24.36,24.16,24.79
2020-04-03 14:48:00,26,25.0625,25.36,25.28,24.96,24.56,24.28,24.13,24.35,24.19,24.77
2020-04-03 14:58:00,26,25.0625,25.44,25.31,24.98,24.58,24.31,24.17,24.35,24.17,24.82
2020-04-03 15:08:00,26,25.0625,25.39,25.28,24.93,24.55,24.26,24.13,24.34,24.16,24.79
2020-04-03 15:18:00,26,25.0625,25.42,25.35,25.03,24.6,24.3,24.15,24.39,24.24,24.83
2020-04-03 15:28:00,26.0625,25.0625,25.45,25.33,24.99,24.59,24.3,24.15,24.36,24.19,24.8
2020-04-03 15:38:00,26.0625,25.0625,25.5,25.38,25.03,24.63,24.3,24.2,24.4,24.18,24.84
2020-04-03 15:48:00,26.0625,25.0625,25.45,25.35,25,24.6,24.29,24.12,24.39,24.31,24.82
2020-04-03 15:58:00,26.0625,25.0625,25.5,25.33,25,24.61,24.31,24.17,24.39,24.17,24.83
2020-04-03 16:08:00,26.0625,25.125,25.51,25.36,25.01,24.64,24.31,24.17,24.37,24.18,24.82
2020-04-03 16:18:00,26.0625,25.0625,24.82,24.47,24.23,24.23,24.37,23.36,24.22,24.14,24.07
2020-04-03 16:28:00,25.25,25.1875,24.73,24.47,24.27,24.23,24.38,23.5,24.22,24.25,24.11
2020-04-03 16:38:00,24.875,24.9375,24.74,24.45,24.3,24.2,24.35,23.55,24.21,24.18,24.12
2020-04-03 16:48:00,24.75,24.75,24.78,24.47,24.32,24.23,24.36,23.64,24.23,24.11,24.27
2020-04-03 16:58:00,24.625,24.6875,24.73,24.53,24.37,24.25,24.38,23.67,24.22,24.21,24.51
2020-04-03 17:08:00,24.5625,24.625,24.82,24.53,24.38,24.27,24.35,23.7,24.2,24.15,24.56
2020-04-03 17:18:00,24.5,24.5,24.85,24.6,24.47,24.29,24.4,23.74,24.24,24.27,24.62
2020-04-03 17:28:00,24.4375,24.5,24.91,24.6,24.46,24.3,24.39,23.73,24.25,24.21,24.67
2020-04-03 17:38:00,24.375,24.4375,25,24.73,24.59,24.37,24.48,23.87,24.34,24.35,24.8
2020-04-03 17:48:00,24.375,24.375,25.03,24.83,24.67,24.45,24.51,23.96,24.38,24.37,24.9
2020-04-03 17:58:00,24.3125,24.375,25.11,24.85,24.69,24.46,24.53,23.97,24.39,24.42,24.91
2020-04-03 18:08:00,24.3125,24.3125,25.15,24.83,24.7,24.45,24.52,23.98,24.37,24.37,24.81
2020-04-03 18:18:00,24.25,24.3125,25.15,24.85,24.73,24.47,24.52,23.99,24.37,24.27,24.63
2020-04-03 18:28:00,24.25,24.25,25.17,24.91,24.74,24.51,24.53,24,24.41,24.38,24.64
2020-04-03 18:38:00,24.25,24.25,25.19,24.94,24.76,24.49,24.51,24.05,24.37,24.27,24.65
2020-04-03 18:48:00,24.1875,24.1875,25.19,24.96,24.74,24.51,24.48,24.02,24.39,24.38,24.66
2020-04-03 18:58:00,24.1875,24.1875,25.14,24.92,24.69,24.44,24.41,24.02,24.34,24.19,24.57
2020-04-03 19:08:00,24.1875,24.1875,25.1,24.87,24.67,24.42,24.35,23.92,24.27,24.21,24.55
2020-04-03 19:18:00,24.125,24.125,24.98,24.85,24.61,24.36,24.29,23.92,24.25,24.15,24.51
2020-04-03 19:28:00,24.125,24.125,24.93,24.81,24.55,24.31,24.21,23.84,24.17,24.13,24.43
2020-04-03 19:38:00,24.125,24.125,24.95,24.84,24.57,24.29,24.18,23.86,24.17,24.05,24.43
2020-04-03 19:48:00,24.125,24.125,24.96,24.8,24.54,24.32,24.19,23.8,24.19,24.1,24.45
2020-04-03 19:58:00,24.0625,24.0625,24.98,24.8,24.55,24.33,24.18,23.82,24.15,24.06,24.41
2020-04-03 20:08:00,24.125,24.0625,24.94,24.82,24.55,24.3,24.18,23.81,24.18,24.12,24.41
2020-04-03 20:18:00,24.0625,24.0625,25.04,24.84,24.59,24.35,24.17,23.89,24.19,24.02,24.46
2020-04-03 20:28:00,24.0625,24.0625,25.02,24.9,24.63,24.34,24.23,23.93,24.21,24.1,24.47
2020-04-03 20:38:00,24.0625,24.0625,25.06,24.91,24.64,24.35,24.21,23.87,24.21,24.14,24.47
2020-04-03 20:48:00,24.0625,24,25.09,24.98,24.69,24.38,24.25,23.98,24.25,24.13,24.52
2020-04-03 20:58:00,24.0625,24,25.1,24.9,24.65,24.36,24.2,23.91,24.2,24.09,24.48
2020-04-03 21:08:00,24,24,25.19,24.98,24.72,24.44,24.26,23.96,24.27,24.13,24.58
2020-04-03 21:18:00,24,24,25.24,25.04,24.77,24.46,24.29,24.03,24.3,24.2,24.63
2020-04-03 21:28:00,24,24,25.23,25.12,24.82,24.49,24.31,24.04,24.32,24.23,24.67
2020-04-03 21:38:00,24,23.9375,25.28,25.16,24.85,24.48,24.33,24.08,24.31,24.18,24.7
2020-04-03 21:48:00,23.9375,23.9375,25.32,25.11,24.81,24.49,24.29,24.04,24.3,24.16,24.64
2020-04-03 21:58:00,23.9375,23.9375,25.35,25.16,24.87,24.51,24.29,24.09,24.31,24.12,24.73
2020-04-03 22:08:00,23.9375,23.9375,25.4,25.21,24.88,24.56,24.32,24.09,24.37,24.2,24.74
2020-04-03 22:18:00,23.9375,23.9375,25.44,25.17,24.88,24.52,24.29,24.08,24.32,24.17,24.75
2020-04-03 22:28:00,23.9375,23.9375,25.42,25.19,24.93,24.55,24.31,24.12,24.37,24.25,24.78
2020-04-03 22:38:00,23.9375,23.9375,25.49,25.27,24.95,24.58,24.31,24.17,24.36,24.18,24.81
2020-04-03 22:48:00,23.9375,23.9375,25.5,25.32,24.99,24.61,24.35,24.2,24.4,24.18,24.83
2020-04-03 22:58:00,23.9375,23.9375,25.5,25.26,24.95,24.58,24.33,24.16,24.34,24.2,24.81
2020-04-03 23:08:00,23.9375,23.875,25.52,25.31,25.01,24.62,24.36,24.2,24.38,24.19,24.93
2020-04-03 23:18:00,23.9375,23.875,25.53,25.35,25.01,24.61,24.37,24.24,24.41,24.21,24.88
2020-04-03 23:28:00,23.9375,23.875,25.58,25.34,25.02,24.64,24.36,24.22,24.44,24.24,24.89
2020-04-03 23:38:00,23.875,23.875,25.51,25.39,25.04,24.64,24.4,24.22,24.44,24.35,24.86
2020-04-03 23:48:00,23.875,23.875,25.56,25.35,25.05,24.64,24.35,24.21,24.41,24.2,24.87
2020-04-03 23:58:00,23.875,23.875,25.49,25.37,25.02,24.66,24.36,24.21,24.42,24.32,24.86
2020-04-04 00:08:00,23.875,23.875,25.56,25.36,25.04,24.65,24.36,24.2,24.46,24.26,24.91
2020-04-04 00:18:00,23.875,23.875,25.53,25.43,25.09,24.68,24.4,24.25,24.47,24.36,24.84
2020-04-04 00:28:00,23.875,23.875,25.54,25.36,25.05,24.65,24.38,24.2,24.43,24.31,24.87
2020-04-04 00:38:00,23.875,23.875,25.51,25.4,25.03,24.66,24.35,24.22,24.44,24.27,24.83
2020-04-04 00:48:00,23.875,23.875,25.56,25.4,25.07,24.65,24.36,24.26,24.43,24.2,24.88
2020-04-04 00:58:00,23.875,23.875,25.57,25.41,25.08,24.66,24.37,24.28,24.44,24.24,24.88
2020-04-04 01:08:00,23.875,23.875,25.55,25.43,25.11,24.69,24.36,24.29,24.46,24.29,24.88
2020-04-04 01:18:00,23.875,23.875,25.62,25.46,25.13,24.71,24.39,24.32,24.48,24.27,24.89
2020-04-04 01:28:00,23.875,23.8125,25.57,25.44,25.14,24.7,24.42,24.29,24.5,24.39,24.87
2020-04-04 01:38:00,23.8125,23.8125,24.91,24.58,24.42,24.3,24.41,23.7,24.27,24.2,24.44
2020-04-04 01:48:00,23.8125,23.8125,24.86,24.63,24.45,24.28,24.38,23.72,24.25,24.23,24.64
2020-04-04 01:58:00,23.8125,23.8125,24.98,24.62,24.49,24.32,24.39,23.76,24.27,24.16,24.7
2020-04-04 02:08:00,23.8125,23.8125,25.04,24.72,24.55,24.41,24.45,23.85,24.32,24.21,24.73
2020-04-04 02:18:00,23.8125,23.8125,25.08,24.78,24.6,24.42,24.52,23.88,24.32,24.32,24.8
2020-04-04 02:28:00,23.8125,23.8125,25.22,24.92,24.74,24.48,24.58,23.99,24.41,24.4,24.95
2020-04-04 02:38:00,23.8125,23.8125,25.33,24.96,24.79,24.54,24.62,24.06,24.45,24.3,25.05
2020-04-04 02:48:00,23.8125,23.8125,25.38,25.08,24.91,24.61,24.69,24.17,24.53,24.44,25.18
2020-04-04 02:58:00,23.8125,23.8125,25.41,25.08,24.92,24.63,24.69,24.2,24.51,24.4,24.89
2020-04-04 03:08:00,23.8125,23.8125,25.52,25.13,24.97,24.67,24.71,24.23,24.57,24.43,24.82
2020-04-04 03:18:00,23.8125,23.75,25.45,25.17,25.01,24.66,24.7,24.23,24.53,24.5,24.86
2020-04-04 03:28:00,23.8125,23.75,25.52,25.16,24.99,24.66,24.67,24.25,24.53,24.41,24.76
2020-04-04 03:38:00,23.8125,23.75,25.46,25.2,24.98,24.66,24.64,24.24,24.52,24.41,24.76
2020-04-04 03:48:00,23.8125,23.75,25.43,25.16,24.94,24.65,24.58,24.2,24.47,24.34,24.67
2020-04-04 03:58:00,23.75,23.75,25.29,25.09,24.87,24.52,24.46,24.13,24.39,24.33,24.67
2020-04-04 04:08:00,23.75,23.75,25.3,25.04,24.77,24.5,24.38,24.06,24.35,24.16,24.59
2020-04-04 04:18:00,23.75,23.75,25.18,24.96,24.7,24.43,24.31,23.95,24.27,24.16,24.52
2020-04-04 04:28:00,23.8125,23.75,25.11,24.96,24.69,24.39,24.23,23.95,24.25,24.15,24.44
2020-04-04 04:38:00,23.75,23.75,25.07,24.97,24.67,24.39,24.23,23.96,24.23,24.1,24.46
2020-04-04 04:48:00,23.75,23.75,25.08,24.93,24.64,24.35,24.21,23.95,24.18,24,24.39
2020-04-04 04:58:00,23.75,23.75,25.09,24.96,24.68,24.34,24.2,23.93,24.2,24.03,24.4
2020-04-04 05:08:00,23.75,23.75,25.15,24.95,24.7,24.36,24.21,23.93,24.22,24.09,24.44
2020-04-04 05:18:00,23.75,23.75,25.2,25.02,24.73,24.43,24.23,23.99,24.25,24.15,24.52
2020-04-04 05:28:00,23.75,23.75,25.21,25.04,24.78,24.41,24.25,23.99,24.26,24.05,24.5
2020-04-04 05:38:00,23.75,23.75,25.18,25.05,24.8,24.45,24.27,24.02,24.28,24.17,24.53
2020-04-04 05:48:00,23.6875,23.75,25.26,25.13,24.84,24.47,24.29,24.04,24.3,24.2,24.58
2020-04-04 05:58:00,23.6875,23.6875,25.3,25.1,24.82,24.48,24.31,24.06,24.3,24.18,24.57
2020-04-04 06:08:00,23.75,23.6875,25.33,25.09,24.84,24.45,24.27,24.06,24.26,24.01,24.58
2020-04-04 06:18:00,23.6875,23.6875,25.45,25.19,24.9,24.51,24.33,24.14,24.33,24.07,24.72
2020-04-04 06:28:00,23.9375,23.3125,25.49,25.21,24.92,24.51,24.31,24.14,24.3,24.08,24.64
2020-04-04 06:38:00,24.25,23.3125,25.5,25.28,24.95,24.55,24.31,24.2,24.37,24.08,24.72
2020-04-04 06:48:00,24.375,23.5,25.56,25.34,25.02,24.63,24.38,24.2,24.39,24.28,24.81
2020-04-04 06:58:00,24.5,23.5625,25.54,25.37,25.02,24.59,24.36,24.24,24.39,24.18,24.79
2020-04-04 07:08:00,24.625,23.75,25.59,25.33,25.04,24.65,24.39,24.22,24.42,24.24,24.83
2020-04-04 07:18:00,24.75,23.875,25.6,25.36,25.05,24.67,24.41,24.23,24.42,24.25,24.84
2020-04-04 07:28:00,24.875,23.9375,25.59,25.43,25.13,24.68,24.4,24.3,24.46,24.25,24.87
2020-04-04 07:38:00,24.9375,24.0625,25.61,25.37,25.06,24.65,24.38,24.23,24.44,24.3,24.83
2020-04-04 07:48:00,25.0625,24.1875,25.6,25.42,25.09,24.69,24.42,24.26,24.45,24.31,24.92
2020-04-04 07:58:00,25.125,24.25,25.61,25.47,25.13,24.69,24.44,24.31,24.49,24.33,25.01
2020-04-04 08:08:00,25.1875,24.3125,25.59,25.43,25.08,24.67,24.41,24.26,24.44,24.3,24.88
2020-04-04 08:18:00,25.25,24.375,25.63,25.45,25.14,24.69,24.41,24.28,24.46,24.26,24.88
2020-04-04 08:28:00,25.3125,24.4375,25.71,25.44,25.12,24.71,24.43,24.29,24.49,24.27,24.9
2020-04-04 08:38:00,25.4375,24.5625,25.67,25.51,25.18,24.74,24.46,24.35,24.49,24.36,24.93
2020-04-04 08:48:00,25.5,24.625,25.66,25.5,25.16,24.71,24.44,24.32,24.49,24.25,24.92
2020-04-04 08:58:00,25.5625,24.6875,25.66,25.51,25.18,24.74,24.44,24.36,24.5,24.3,24.89
2020-04-04 09:08:00,25.625,24.75,25.7,25.51,25.18,24.75,24.44,24.31,24.51,24.33,24.92
2020-04-04 09:18:00,25.6875,24.8125,25.72,25.49,25.16,24.75,24.42,24.33,24.48,24.23,24.9
2020-04-04 09:28:00,25.75,24.8125,25.74,25.55,25.2,24.78,24.46,24.38,24.55,24.4,24.91
2020-04-04 09:38:00,25.8125,24.875,25.75,25.56,25.23,24.77,24.43,24.39,24.52,24.29,24.93
2020-04-04 09:48:00,25.875,24.9375,25.72,25.56,25.22,24.77,24.47,24.36,24.52,24.37,24.95
2020-04-04 09:58:00,25.9375,25,25.73,25.6,25.26,24.81,24.48,24.39,24.55,24.42,25
2020-04-04 10:08:00,26,25.0625,25.79,25.53,25.23,24.77,24.48,24.37,24.53,24.23,24.96
2020-04-04 10:18:00,26,25.0625,25.77,25.61,25.28,24.8,24.51,24.44,24.59,24.34,24.97
2020-04-04 10:28:00,26.25,25.25,25.05,24.66,24.51,24.39,24.5,23.78,24.34,24.23,24.51
2020-04-04 10:38:00,26.3125,25.3125,25.03,24.71,24.57,24.43,24.54,23.84,24.37,24.36,24.75
2020-04-04 10:48:00,26.3125,25.3125,25.12,24.75,24.6,24.43,24.55,23.92,24.4,24.32,24.8
2020-04-04 10:58:00,26.3125,25.3125,25.15,24.88,24.71,24.48,24.57,23.95,24.42,24.38,24.91
2020-04-04 11:08:00,26.3125,25.3125,25.25,24.87,24.75,24.51,24.61,24.03,24.43,24.26,25.11
2020-04-04 11:18:00,26.3125,25.375,25.32,24.93,24.8,24.56,24.64,24.11,24.49,24.38,23.31
2020-04-04 11:28:00,26.3125,25.375,25.24,24.95,24.83,24.62,24.65,24.09,24.52,24.45,25.04
2020-04-04 11:38:00,26.3125,25.375,25.26,24.99,24.82,24.61,24.66,24.14,24.51,24.43,24.83
2020-04-04 11:48:00,26.3125,25.375,25.26,24.97,24.85,24.64,24.65,24.17,24.54,24.46,24.51
2020-04-04 11:58:00,26.3125,25.375,25.42,25.1,24.94,24.63,24.68,24.21,24.52,24.46,24.62
2020-04-04 12:08:00,26.3125,25.375,25.47,25.09,24.97,24.67,24.73,24.23,24.54,24.37,24.54
2020-04-04 12:18:00,26.3125,25.375,25.62,25.21,25.03,24.75,24.76,24.28,24.62,24.5,24.77
2020-04-04 12:28:00,26.25,25.375,25.52,25.19,25.03,24.69,24.7,24.2,24.54,24.51,24.74
2020-04-04 12:38:00,26.3125,25.375,25.46,25.12,24.91,24.64,24.65,24.19,24.52,24.44,24.59
2020-04-04 12:48:00,26.25,25.375,25.39,25.14,24.92,24.59,24.55,24.17,24.45,24.38,24.67
2020-04-04 12:58:00,26.3125,25.375,25.26,25.07,24.83,24.53,24.44,24.06,24.39,24.33,24.58
2020-04-04 13:08:00,26.3125,25.375,25.25,25,24.74,24.47,24.37,24.02,24.32,24.18,24.49
2020-04-04 13:18:00,26.25,25.375,25.14,24.98,24.75,24.44,24.31,24.02,24.29,24.17,24.49
2020-04-04 13:28:00,26.3125,25.375,25.17,24.95,24.71,24.45,24.31,23.98,24.29,24.19,24.46
2020-04-04 13:38:00,26.25,25.4375,25.16,24.98,24.73,24.38,24.29,24,24.24,24.1,24.44
2020-04-04 13:48:00,26.25,25.375,25.18,24.99,24.73,24.39,24.27,23.99,24.25,24.11,24.5
2020-04-04 13:58:00,26.25,25.375,25.24,25.07,24.79,24.46,24.32,24.04,24.32,24.22,24.56
2020-04-04 14:08:00,26.25,25.375,25.26,25.08,24.81,24.48,24.32,24.07,24.32,24.11,24.62
2020-04-04 14:18:00,26.25,25.375,25.29,25.09,24.84,24.51,24.36,24.07,24.35,24.23,24.63
2020-04-04 14:28:00,26.25,25.375,25.32,25.14,24.86,24.54,24.36,24.1,24.37,24.26,24.68
2020-04-04 14:38:00,26.25,25.375,25.35,25.13,24.86,24.51,24.36,24.1,24.33,24.25,24.6
2020-04-04 14:48:00,25.5,25.375,25.41,25.13,24.88,24.55,24.38,24.12,24.37,24.16,24.66
2020-04-04 14:58:00,25.125,25.125,25.39,25.2,24.92,24.55,24.39,24.17,24.37,24.16,24.65
2020-04-04 15:08:00,24.8125,24.875,25.46,25.28,24.98,24.61,24.41,24.24,24.42,24.23,24.72
2020-04-04 15:18:00,24.75,24.8125,25.48,25.3,24.96,24.59,24.41,24.2,24.43,24.28,24.76
2020-04-04 15:28:00,24.6875,24.75,25.6,25.31,25,24.64,24.42,24.21,24.41,24.22,24.71
2020-04-04 15:38:00,24.625,24.6875,25.59,25.29,25.01,24.63,24.42,24.22,24.44,24.25,24.76
2020-04-04 15:48:00,24.625,24.625,25.54,25.35,25.03,24.63,24.42,24.25,24.42,24.18,24.78
2020-04-04 15:58:00,24.5625,24.5625,25.58,25.4,25.08,24.69,24.43,24.28,24.49,24.34,24.82
2020-04-04 16:08:00,24.5,24.5625,25.63,25.36,25.08,24.66,24.43,24.27,24.46,24.21,24.87
2020-04-04 16:18:00,24.5,24.5,25.66,25.44,25.12,24.71,24.48,24.32,24.5,24.26,24.89
2020-04-04 16:28:00,24.4375,24.5,25.66,25.48,25.15,24.74,24.5,24.33,24.52,24.34,24.93
2020-04-04 16:38:00,24.4375,24.4375,25.71,25.44,25.15,24.76,24.5,24.33,24.52,24.25,24.98
2020-04-04 16:48:00,24.4375,24.4375,25.64,25.5,25.17,24.76,24.5,24.33,24.54,24.39,25.02
2020-04-04 16:58:00,24.375,24.375,25.64,25.48,25.15,24.72,24.49,24.31,24.53,24.34,24.92
2020-04-04 17:08:00,24.375,24.375,25.71,25.42,25.13,24.72,24.47,24.3,24.5,24.27,24.88
2020-04-04 17:18:00,24.375,24.375,25.71,25.47,25.17,24.76,24.49,24.35,24.53,24.27,24.94
2020-04-04 17:28:00,24.3125,24.3125,25.7,25.48,25.19,24.74,24.52,24.33,24.53,24.43,24.99
2020-04-04 17:38:00,24.3125,24.3125,25.77,25.47,25.19,24.77,24.52,24.35,24.52,24.3,25
2020-04-04 17:48:00,24.3125,24.3125,25.73,25.5,25.2,24.8,24.52,24.35,24.55,24.43,24.99
2020-04-04 17:58:00,24.25,24.3125,25.74,25.56,25.25,24.83,24.54,24.4,24.59,24.47,25.05
2020-04-04 18:08:00,24.25,24.25,25.77,25.54,25.23,24.81,24.55,24.42,24.57,24.3,25.02
2020-04-04 18:18:00,24.25,24.25,25.85,25.61,25.25,24.86,24.53,24.45,24.61,24.34,25.03
2020-04-04 18:28:00,24.25,24.25,25.8,25.62,25.29,24.84,24.54,24.46,24.61,24.39,25.04
2020-04-04 18:38:00,24.25,24.1875,25.82,25.6,25.28,24.84,24.58,24.41,24.61,24.47,25
2020-04-04 18:48:00,24.25,24.1875,25.74,25.57,25.23,24.84,24.57,24.41,24.59,24.5,24.98
2020-04-04 18:58:00,24.25,24.1875,25.79,25.6,25.27,24.83,24.55,24.44,24.63,24.36,24.97
2020-04-04 19:08:00,24.1875,24.1875,25.81,25.55,25.24,24.81,24.5,24.41,24.58,24.34,24.96
2020-04-04 19:18:00,24.1875,24.1875,25.8,25.54,25.23,24.8,24.5,24.38,24.57,24.33,24.92
2020-04-04 19:28:00,24.1875,24.125,24.98,24.73,24.54,24.43,24.56,23.76,24.42,24.34,24.26
2020-04-04 19:38:00,24.125,24.125,25.07,24.74,24.58,24.48,24.57,23.85,24.4,24.27,24.77
2020-04-04 19:48:00,24.125,24.125,25.11,24.77,24.62,24.49,24.57,23.88,24.41,24.3,24.85
2020-04-04 19:58:00,24.125,24.125,25.09,24.82,24.66,24.46,24.54,23.89,24.38,24.32,24.87
2020-04-04 20:08:00,24.125,24.0625,25.26,24.95,24.79,24.55,24.67,24.02,24.46,24.36,25.04
2020-04-04 20:18:00,24.125,24.0625,25.36,25.03,24.85,24.61,24.69,24.11,24.52,24.41,25.09
2020-04-04 20:28:00,24.0625,24.0625,25.39,25.11,24.94,24.68,24.75,24.18,24.62,24.6,25.19
2020-04-04 20:38:00,24.0625,24.0625,25.5,25.11,25,24.71,24.77,24.21,24.6,24.5,25.28
2020-04-04 20:48:00,24.0625,24.0625,25.48,25.22,25.04,24.78,24.82,24.28,24.65,24.64,25.01
2020-04-04 20:58:00,24.0625,24.0625,25.59,25.23,25.06,24.8,24.84,24.29,24.69,24.62,25.01
2020-04-04 21:08:00,24.0625,24.0625,25.56,25.25,25.08,24.76,24.79,24.31,24.62,24.52,24.88
2020-04-04 21:18:00,24.0625,24.0625,25.59,25.29,25.08,24.8,24.81,24.32,24.67,24.55,24.94
2020-04-04 21:28:00,24.0625,24.0625,25.54,25.3,25.09,24.79,24.77,24.35,24.66,24.6,24.89
2020-04-04 21:38:00,24.0625,24,25.46,25.25,25,24.69,24.67,24.24,24.56,24.54,24.87
2020-04-04 21:48:00,24.0625,24,25.39,25.2,24.93,24.67,24.58,24.19,24.55,24.52,24.82
2020-04-04 21:58:00,24.0625,24,25.36,25.11,24.86,24.6,24.49,24.14,24.49,24.27,24.69
2020-04-04 22:08:00,24.0625,24,25.3,25.08,24.81,24.56,24.41,24.07,24.41,24.28,24.64
2020-04-04 22:18:00,24.0625,24,25.23,25.02,24.75,24.48,24.34,24.05,24.31,24.12,24.55
2020-04-04 22:28:00,24,24,25.17,25.07,24.76,24.5,24.32,24.03,24.32,24.23,24.61
2020-04-04 22:38:00,24,24,25.14,25.03,24.73,24.44,24.29,23.98,24.31,24.08,24.47
2020-04-04 22:48:00,24,24,25.11,24.97,24.69,24.45,24.29,23.93,24.28,24.15,24.45
2020-04-04 22:58:00,24,24,25.15,24.96,24.71,24.45,24.29,23.96,24.28,24.19,24.49
2020-04-04 23:08:00,24,24,25.22,25.03,24.76,24.48,24.33,24,24.32,24.19,24.53
2020-04-04 23:18:00,24,24,25.18,25.08,24.79,24.46,24.33,24.03,24.32,24.19,24.54
2020-04-04 23:28:00,24,24,25.3,25.1,24.85,24.53,24.37,24.09,24.39,24.18,24.62
2020-04-04 23:38:00,24,23.9375,25.32,25.08,24.84,24.52,24.36,24.08,24.34,24.12,24.57
2020-04-04 23:48:00,24,23.9375,25.38,25.15,24.87,24.57,24.41,24.12,24.43,24.21,24.67
2020-04-04 23:58:00,24,23.9375,25.41,25.19,24.94,24.58,24.41,24.14,24.41,24.18,24.68
2020-04-05 00:08:00,24,23.9375,25.42,25.27,24.97,24.63,24.43,24.2,24.43,24.25,24.74
2020-04-05 00:18:00,23.9375,23.9375,25.49,25.28,24.97,24.65,24.44,24.18,24.47,24.37,24.75
2020-04-05 00:28:00,23.9375,23.9375,25.53,25.32,25.04,24.67,24.46,24.23,24.46,24.37,24.79
2020-04-05 00:38:00,23.9375,23.9375,25.55,25.36,25.06,24.66,24.45,24.28,24.49,24.24,24.84
2020-04-05 00:48:00,23.9375,23.9375,25.57,25.39,25.09,24.69,24.48,24.3,24.48,24.25,24.85
2020-04-05 00:58:00,23.9375,23.9375,25.61,25.45,25.12,24.77,24.51,24.33,24.54,24.43,24.91
2020-04-05 01:08:00,24,23.9375,25.59,25.44,25.14,24.73,24.5,24.31,24.5,24.37,24.9
2020-04-05 01:18:00,23.9375,23.9375,25.67,25.51,25.21,24.8,24.56,24.37,24.58,24.45,24.96
2020-04-05 01:28:00,23.9375,23.9375,25.72,25.5,25.19,24.8,24.58,24.35,24.58,24.4,24.97
2020-04-05 01:38:00,23.9375,23.9375,25.67,25.55,25.22,24.8,24.54,24.42,24.59,24.42,25.05
2020-04-05 01:48:00,23.9375,23.9375,25.71,25.5,25.2,24.81,24.55,24.4,24.59,24.46,25.03
2020-04-05 01:58:00,23.9375,23.9375,25.7,25.52,25.2,24.83,24.57,24.39,24.59,24.47,24.99
2020-04-05 02:08:00,23.9375,23.9375,25.77,25.53,25.21,24.82,24.58,24.42,24.61,24.43,24.99
2020-04-05 02:18:00,23.9375,23.9375,25.74,25.6,25.23,24.85,24.59,24.44,24.63,24.47,25
2020-04-05 02:28:00,23.9375,23.9375,25.78,25.51,25.21,24.82,24.54,24.4,24.56,24.35,24.95
2020-04-05 02:38:00,23.9375,23.9375,25.78,25.56,25.24,24.84,24.56,24.4,24.62,24.45,25.03
2020-04-05 02:48:00,23.9375,23.875,25.76,25.57,25.25,24.84,24.57,24.43,24.61,24.37,25.02
2020-04-05 02:58:00,23.9375,23.875,25.82,25.53,25.22,24.82,24.54,24.42,24.58,24.36,25.03
2020-04-05 03:08:00,23.9375,23.9375,25.78,25.58,25.24,24.84,24.56,24.43,24.61,24.37,25.02
2020-04-05 03:18:00,23.9375,23.875,25.75,25.6,25.26,24.83,24.57,24.41,24.61,24.46,24.99
2020-04-05 03:28:00,23.9375,23.875,25.79,25.6,25.29,24.86,24.55,24.44,24.59,24.34,24.97
2020-04-05 03:38:00,23.875,23.875,25.84,25.58,25.28,24.88,24.56,24.44,24.65,24.41,25.02
2020-04-05 03:48:00,23.875,23.875,25.79,25.62,25.3,24.85,24.55,24.44,24.59,24.39,25.02
2020-04-05 03:58:00,23.875,23.875,25.8,25.65,25.32,24.88,24.59,24.44,24.67,24.54,25.06
2020-04-05 04:08:00,23.875,23.875,25.86,25.61,25.29,24.86,24.57,24.48,24.63,24.34,25.02
2020-04-05 04:18:00,23.875,23.875,25.82,25.65,25.31,24.92,24.59,24.47,24.67,24.53,25.05
2020-04-05 04:28:00,24.5,23.5,25.06,24.8,24.61,24.49,24.63,23.88,24.45,24.41,24.7
2020-04-05 04:38:00,24.75,23.625,25.11,24.79,24.64,24.49,24.61,23.89,24.47,24.41,24.85
2020-04-05 04:48:00,24.875,23.8125,25.11,24.82,24.65,24.49,24.57,23.9,24.46,24.41,24.89
2020-04-05 04:58:00,25.0625,24,25.15,24.93,24.72,24.56,24.65,23.99,24.47,24.44,25.01
2020-04-05 05:08:00,25.1875,24.125,25.33,24.95,24.8,24.59,24.68,24.05,24.49,24.4,25.14
2020-04-05 05:18:00,25.25,24.25,25.49,25.09,24.93,24.7,24.77,24.14,24.6,24.52,25.27
2020-04-05 05:28:00,25.4375,24.375,25.57,25.21,25.06,24.8,24.84,24.29,24.71,24.65,25.41
2020-04-05 05:38:00,25.5,24.4375,25.58,25.27,25.08,24.82,24.89,24.31,24.7,24.66,25.34
2020-04-05 05:48:00,25.5625,24.5625,25.62,25.27,25.12,24.86,24.89,24.38,24.73,24.62,25.08
2020-04-05 05:58:00,25.6875,24.625,25.71,25.33,25.15,24.86,24.91,24.39,24.74,24.7,24.99
2020-04-05 06:08:00,25.75,24.6875,25.74,25.38,25.18,24.88,24.91,24.38,24.74,24.67,25.04
2020-04-05 06:18:00,25.8125,24.75,25.67,25.38,25.18,24.89,24.86,24.39,24.74,24.71,24.97
2020-04-05 06:28:00,25.875,24.8125,25.67,25.44,25.22,24.9,24.86,24.44,24.77,24.68,24.96
2020-04-05 06:38:00,25.9375,24.875,25.64,25.3,25.12,24.8,24.76,24.33,24.65,24.54,24.93
2020-04-05 06:48:00,26,25,25.5,25.29,25.04,24.74,24.67,24.26,24.6,24.53,24.82
2020-04-05 06:58:00,26.125,25.0625,25.39,25.28,24.97,24.71,24.57,24.24,24.56,24.47,24.75
2020-04-05 07:08:00,26.1875,25.0625,25.3,25.15,24.84,24.58,24.44,24.13,24.42,24.23,24.63
2020-04-05 07:18:00,26.25,25.125,25.27,25.09,24.8,24.53,24.4,24.07,24.37,24.17,24.59
2020-04-05 07:28:00,26.25,25.1875,25.22,25.12,24.81,24.54,24.35,24.05,24.37,24.27,24.56
2020-04-05 07:38:00,26.375,25.25,25.15,25.05,24.78,24.49,24.32,24.04,24.34,24.21,24.52
2020-04-05 07:48:00,26.375,25.25,25.2,25.06,24.77,24.51,24.34,24.06,24.35,24.24,24.53
2020-04-05 07:58:00,26.375,25.25,25.25,25.13,24.86,24.54,24.37,24.1,24.37,24.19,24.57
2020-04-05 08:08:00,26.4375,25.3125,25.35,25.09,24.82,24.53,24.36,24.07,24.37,24.19,24.6
2020-04-05 08:18:00,26.5,25.375,25.36,25.1,24.84,24.56,24.39,24.11,24.4,24.18,24.58
2020-04-05 08:28:00,26.5625,25.4375,25.37,25.18,24.91,24.58,24.43,24.15,24.41,24.21,24.67
2020-04-05 08:38:00,26.625,25.4375,25.35,25.19,24.92,24.58,24.43,24.14,24.41,24.29,24.68
2020-04-05 08:48:00,26.625,25.5,25.43,25.23,24.95,24.67,24.47,24.21,24.49,24.25,24.71
2020-04-05 08:58:00,26.6875,25.5625,25.43,25.26,24.97,24.63,24.46,24.18,24.44,24.34,24.74
2020-04-05 09:08:00,26.6875,25.5625,25.51,25.32,25.02,24.68,24.5,24.27,24.52,24.32,24.81
2020-04-05 09:18:00,26.6875,25.5625,25.55,25.4,25.09,24.72,24.51,24.3,24.53,24.37,24.86
2020-04-05 09:28:00,26.6875,25.5625,25.58,25.42,25.13,24.73,24.55,24.28,24.5,24.41,24.89
2020-04-05 09:38:00,26.6875,25.5625,25.67,25.44,25.14,24.79,24.55,24.35,24.57,24.39,24.91
2020-04-05 09:48:00,26.6875,25.625,25.7,25.47,25.19,24.79,24.56,24.39,24.58,24.35,24.98
2020-04-05 09:58:00,26.6875,25.625,25.75,25.49,25.2,24.81,24.58,24.39,24.57,24.36,25
2020-04-05 10:08:00,26.6875,25.5625,25.76,25.52,25.21,24.83,24.58,24.37,24.56,24.35,24.97
2020-04-05 10:18:00,26.6875,25.625,25.71,25.55,25.22,24.84,24.6,24.41,24.63,24.51,25
2020-04-05 10:28:00,26.6875,25.5625,25.75,25.49,25.2,24.83,24.57,24.39,24.59,24.39,24.98
2020-04-05 10:38:00,26.625,25.625,25.81,25.55,25.27,24.88,24.61,24.43,24.67,24.48,25.21
2020-04-05 10:48:00,26.6875,25.625,25.76,25.57,25.23,24.83,24.58,24.43,24.61,24.38,25.08
2020-04-05 10:58:00,26.6875,25.625,25.77,25.59,25.25,24.86,24.59,24.44,24.65,24.53,25.08
2020-04-05 11:08:00,26.6875,25.625,25.74,25.61,25.27,24.85,24.59,24.44,24.63,24.48,25.04
2020-04-05 11:18:00,26.6875,25.625,25.84,25.64,25.29,24.92,24.63,24.46,24.68,24.42,25.09
2020-04-05 11:28:00,26.6875,25.625,25.79,25.64,25.3,24.86,24.6,24.44,24.62,24.51,25.04
2020-04-05 11:38:00,26.6875,25.625,25.81,25.62,25.3,24.87,24.59,24.43,24.66,24.52,25.04
2020-04-05 11:48:00,26.6875,25.625,25.83,25.66,25.31,24.92,24.63,24.49,24.69,24.54,25.07
2020-04-05 11:58:00,26.625,25.625,25.86,25.69,25.37,24.92,24.65,24.54,24.69,24.49,25.1
2020-04-05 12:08:00,26.625,25.625,25.91,25.73,25.38,24.96,24.65,24.53,24.69,24.5,25.11
2020-04-05 12:18:00,26.625,25.625,25.92,25.7,25.36,24.98,24.63,24.53,24.72,24.48,25.12
2020-04-05 12:28:00,26.625,25.625,25.9,25.66,25.35,24.94,24.65,24.49,24.71,24.52,25.09
2020-04-05 12:38:00,26.5625,25.625,25.92,25.67,25.35,24.92,24.65,24.5,24.7,24.5,25.08
2020-04-05 12:48:00,26.5625,25.5625,25.93,25.69,25.38,24.96,24.66,24.53,24.7,24.48,25.09
2020-04-05 12:58:00,25.8125,25.6875,25.9,25.72,25.37,24.93,24.63,24.5,24.69,24.43,25.07
2020-04-05 13:08:00,25.375,25.4375,25.9,25.73,25.4,24.97,24.65,24.56,24.73,24.48,25.13
2020-04-05 13:18:00,24.9375,25,25.11,24.81,24.65,24.56,24.7,23.9,24.52,24.4,24.64
2020-04-05 13:28:00,24.875,24.9375,25.06,24.83,24.64,24.56,24.69,23.91,24.51,24.49,24.72
2020-04-05 13:38:00,24.8125,24.875,25.14,24.86,24.7,24.61,24.72,24.01,24.57,24.42,24.72
2020-04-05 13:48:00,24.8125,24.8125,25.18,24.93,24.79,24.67,24.77,24.05,24.62,24.58,24.85
2020-04-05 13:58:00,24.75,24.75,25.19,24.91,24.77,24.63,24.74,24.02,24.55,24.53,24.83
2020-04-05 14:08:00,24.75,24.75,25.31,24.97,24.82,24.65,24.77,24.1,24.6,24.53,24.89
2020-04-05 14:18:00,24.6875,24.6875,25.35,25.07,24.9,24.73,24.83,24.21,24.64,24.55,25.01
2020-04-05 14:28:00,24.6875,24.6875,25.42,25.07,24.95,24.74,24.83,24.21,24.68,24.53,24.96
2020-04-05 14:38:00,24.625,24.625,25.39,25.11,24.96,24.75,24.83,24.22,24.67,24.68,24.87
2020-04-05 14:48:00,24.625,24.625,25.5,25.16,25.01,24.81,24.89,24.28,24.71,24.68,24.85
2020-04-05 14:58:00,24.5625,24.5625,25.52,25.21,25.03,24.82,24.88,24.29,24.72,24.65,24.9
2020-04-05 15:08:00,24.5625,24.5625,25.56,25.27,25.08,24.82,24.87,24.36,24.72,24.64,24.92
2020-04-05 15:18:00,24.5625,24.5625,25.59,25.28,25.11,24.83,24.88,24.36,24.73,24.6,24.92
2020-04-05 15:28:00,24.5,24.5,25.49,25.29,25.09,24.83,24.84,24.34,24.71,24.67,24.88
2020-04-05 15:38:00,24.5,24.5,25.44,25.23,25.02,24.76,24.74,24.28,24.65,24.5,24.81
2020-04-05 15:48:00,24.5,24.5,25.31,25.18,24.93,24.67,24.64,24.19,24.54,24.51,24.73
2020-04-05 15:58:00,24.5,24.4375,25.27,25.11,24.89,24.64,24.57,24.17,24.52,24.36,24.67
2020-04-05 16:08:00,24.4375,24.4375,25.18,25.07,24.78,24.57,24.47,24.12,24.44,24.32,24.57
2020-04-05 16:18:00,24.4375,24.4375,25.14,25.01,24.78,24.54,24.44,24.05,24.42,24.36,24.51
2020-04-05 16:28:00,24.4375,24.4375,25.18,24.94,24.75,24.52,24.43,24.06,24.4,24.25,24.5
2020-04-05 16:38:00,24.4375,24.4375,25.27,25.04,24.82,24.56,24.44,24.12,24.42,24.21,24.6
2020-04-05 16:48:00,24.4375,24.375,25.28,25.07,24.83,24.56,24.46,24.12,24.43,24.22,24.58
2020-04-05 16:58:00,24.4375,24.375,25.25,25.04,24.8,24.55,24.46,24.08,24.41,24.3,24.54
2020-04-05 17:08:00,24.375,24.375,25.27,25.09,24.86,24.57,24.48,24.12,24.43,24.23,24.64
2020-04-05 17:18:00,24.375,24.375,25.26,25.12,24.86,24.58,24.48,24.11,24.43,24.35,24.61
2020-04-05 17:28:00,24.375,24.3125,25.3,25.15,24.9,24.6,24.5,24.15,24.46,24.3,24.65
2020-04-05 17:38:00,24.375,24.3125,25.35,25.14,24.88,24.61,24.5,24.14,24.47,24.3,24.67
2020-04-05 17:48:00,24.375,24.3125,25.36,25.23,25.01,24.66,24.53,24.21,24.53,24.44,24.76
2020-04-05 17:58:00,24.375,24.3125,25.37,25.22,24.93,24.65,24.52,24.18,24.48,24.39,24.68
2020-04-05 18:08:00,24.3125,24.3125,25.41,25.27,25,24.69,24.55,24.22,24.53,24.38,24.74
2020-04-05 18:18:00,24.3125,24.25,25.45,25.34,25.06,24.69,24.55,24.23,24.52,24.43,24.81
2020-04-05 18:28:00,24.3125,24.25,25.48,25.36,25.07,24.72,24.56,24.28,24.52,24.46,24.8
2020-04-05 18:38:00,24.3125,24.25,25.61,25.36,25.1,24.74,24.57,24.29,24.54,24.38,24.84
2020-04-05 18:48:00,24.3125,24.25,25.55,25.42,25.14,24.79,24.59,24.33,24.6,24.5,24.88
2020-04-05 18:58:00,24.3125,24.25,25.63,25.38,25.11,24.77,24.6,24.34,24.59,24.43,24.89
2020-04-05 19:08:00,24.3125,24.25,25.66,25.47,25.18,24.85,24.65,24.39,24.63,24.4,24.95
2020-04-05 19:18:00,24.3125,24.25,25.67,25.44,25.19,24.81,24.62,24.38,24.61,24.39,24.92
2020-04-05 19:28:00,24.3125,24.25,25.67,25.55,25.24,24.86,24.64,24.41,24.64,24.54,24.96
2020-04-05 19:38:00,24.25,24.25,25.67,25.49,25.21,24.82,24.63,24.42,24.64,24.44,25.06
2020-04-05 19:48:00,24.25,24.25,25.6,25.49,25.2,24.82,24.61,24.34,24.62,24.51,24.98
2020-04-05 19:58:00,24.25,24.25,25.66,25.55,25.25,24.85,24.65,24.43,24.66,24.51,25.02
2020-04-05 20:08:00,24.25,24.25,25.7,25.51,25.22,24.85,24.63,24.41,24.62,24.43,24.95
2020-04-05 20:18:00,24.25,24.25,25.69,25.54,25.24,24.84,24.65,24.44,24.64,24.43,24.99
2020-04-05 20:28:00,24.25,24.25,25.72,25.58,25.28,24.88,24.68,24.45,24.69,24.57,25.03
2020-04-05 20:38:00,24.25,24.1875,25.7,25.57,25.27,24.88,24.65,24.43,24.68,24.5,25
2020-04-05 20:48:00,24.25,24.1875,25.72,25.55,25.25,24.9,24.66,24.45,24.7,24.57,25.04
2020-04-05 20:58:00,24.25,24.1875,25.8,25.64,25.31,24.94,24.67,24.51,24.71,24.48,25.07
2020-04-05 21:08:00,24.25,24.1875,25.78,25.68,25.35,24.97,24.69,24.54,24.74,24.6,25.08
2020-04-05 21:18:00,24.25,24.1875,25.78,25.63,25.33,24.91,24.68,24.52,24.7,24.5,25
2020-04-05 21:28:00,24.25,24.1875,25.85,25.66,25.35,24.97,24.73,24.5,24.71,24.62,25.09
2020-04-05 21:38:00,24.25,24.1875,25.79,25.66,25.36,24.94,24.69,24.53,24.72,24.57,25.05
2020-04-05 21:48:00,24.1875,24.1875,25.84,25.65,25.33,24.95,24.69,24.51,24.73,24.56,25.04
2020-04-05 21:58:00,24.1875,24.1875,25.87,25.65,25.35,24.96,24.7,24.49,24.72,24.5,25.04
2020-04-05 22:08:00,24.1875,24.1875,25.81,25.69,25.38,24.96,24.69,24.53,24.72,24.58,25.09
2020-04-05 22:18:00,24.1875,24.1875,25.86,25.71,25.4,24.98,24.72,24.53,24.75,24.51,25.07
2020-04-05 22:28:00,24.1875,24.1875,25.04,24.86,24.69,24.56,24.72,23.93,24.58,24.53,24.85
2020-04-05 22:38:00,24.1875,24.1875,25.15,24.91,24.73,24.66,24.76,23.99,24.59,24.57,24.95
2020-04-05 22:48:00,24.1875,24.1875,25.11,24.91,24.74,24.58,24.7,23.99,24.55,24.54,24.96
2020-04-05 22:58:00,24.1875,24.125,25.28,24.97,24.81,24.67,24.79,24.07,24.59,24.47,25.07
2020-04-05 23:08:00,24.1875,24.125,25.44,25.12,24.96,24.76,24.9,24.22,24.69,24.57,25.28
2020-04-05 23:18:00,24.1875,24.125,25.49,25.19,25.04,24.8,24.92,24.26,24.73,24.76,25.36
2020-04-05 23:28:00,24.1875,24.125,25.61,25.24,25.1,24.87,24.96,24.33,24.77,24.73,25.35
2020-04-05 23:38:00,24.1875,24.125,25.68,25.33,25.17,24.94,24.99,24.4,24.82,24.74,25.16
2020-04-05 23:48:00,24.125,24.125,25.72,25.42,25.23,24.98,25.03,24.48,24.86,24.76,25.11
2020-04-05 23:58:00,24.125,24.125,25.68,25.44,25.23,24.95,24.99,24.44,24.81,24.77,25.11
2020-04-06 00:08:00,24.125,24.125,25.69,25.45,25.27,24.97,25.01,24.49,24.83,24.86,25.08
2020-04-06 00:18:00,24.125,24.125,25.69,25.48,25.29,24.95,24.95,24.49,24.83,24.79,25.1
2020-04-06 00:28:00,24.125,24.125,25.68,25.41,25.18,24.91,24.88,24.45,24.79,24.67,25.02
2020-04-06 00:38:00,24.125,24.125,25.56,25.41,25.17,24.87,24.82,24.36,24.75,24.71,24.99
2020-04-06 00:48:00,24.125,24.125,25.46,25.33,25.06,24.77,24.66,24.3,24.62,24.6,24.87
2020-04-06 00:58:00,24.125,24.125,25.4,25.29,25.02,24.73,24.63,24.23,24.58,24.5,24.8
2020-04-06 01:08:00,24.125,24.125,25.32,25.25,24.93,24.68,24.52,24.2,24.52,24.42,24.72
2020-04-06 01:18:00,24.125,24.125,25.28,25.17,24.89,24.6,24.47,24.17,24.47,24.26,24.66
2020-04-06 01:28:00,24.125,24.125,25.37,25.18,24.9,24.63,24.5,24.16,24.47,24.24,24.68
2020-04-06 01:38:00,24.125,24.125,25.32,25.17,24.91,24.62,24.48,24.15,24.47,24.36,24.66
2020-04-06 01:48:00,24.0625,24.0625,25.37,25.23,24.96,24.64,24.51,24.21,24.51,24.28,24.69
2020-04-06 01:58:00,24.125,24.0625,25.38,25.26,24.98,24.64,24.5,24.21,24.5,24.32,24.74
2020-04-06 02:08:00,24.0625,24.0625,25.44,25.28,25.01,24.69,24.54,24.26,24.51,24.33,24.76
2020-04-06 02:18:00,24.0625,24.0625,25.4,25.32,25,24.68,24.52,24.27,24.53,24.37,24.79
2020-04-06 02:28:00,24.0625,24.0625,25.48,25.34,25.03,24.68,24.53,24.27,24.53,24.45,24.81
2020-04-06 02:38:00,24.0625,24.0625,25.59,25.4,25.12,24.78,24.59,24.36,24.62,24.38,24.92
2020-04-06 02:48:00,24.25,23.5625,25.55,25.43,25.12,24.77,24.58,24.34,24.6,24.49,24.88
2020-04-06 02:58:00,24.5625,23.625,25.65,25.47,25.16,24.82,24.61,24.38,24.62,24.4,24.96
2020-04-06 03:08:00,24.8125,23.875,25.69,25.5,25.2,24.82,24.62,24.41,24.63,24.5,25
2020-04-06 03:18:00,24.9375,24,25.71,25.57,25.25,24.86,24.64,24.42,24.65,24.56,25.07
2020-04-06 03:28:00,25.0625,24.125,25.76,25.55,25.25,24.89,24.63,24.45,24.66,24.42,25.06
2020-04-06 03:38:00,25.1875,24.25,25.8,25.59,25.3,24.92,24.67,24.47,24.7,24.46,25.1
2020-04-06 03:48:00,25.25,24.25,25.86,25.63,25.32,24.95,24.7,24.5,24.72,24.5,25.16
2020-04-06 03:58:00,25.375,24.375,25.78,25.68,25.33,24.92,24.67,24.49,24.71,24.57,25.13
2020-04-06 04:08:00,25.4375,24.4375,25.78,25.66,25.33,24.9,24.66,24.48,24.67,24.56,25.15
2020-04-06 04:18:00,25.5,24.5625,25.85,25.64,25.33,24.93,24.68,24.5,24.71,24.46,25.17
2020-04-06 04:28:00,25.625,24.6875,25.85,25.7,25.37,24.95,24.68,24.53,24.71,24.46,25.21
2020-04-06 04:38:00,25.6875,24.6875,25.93,25.67,25.35,24.99,24.7,24.53,24.73,24.49,25.18
2020-04-06 04:48:00,25.75,24.8125,25.91,25.72,25.38,24.99,24.73,24.57,24.75,24.59,25.25
2020-04-06 04:58:00,25.875,24.9375,25.94,25.79,25.46,25.05,24.74,24.64,24.79,24.58,25.24
2020-04-06 05:08:00,26,25,25.92,25.79,25.44,24.99,24.71,24.6,24.76,24.56,25.21
2020-04-06 05:18:00,26,25.0625,25.99,25.78,25.45,25.05,24.75,24.59,24.8,24.65,25.27
2020-04-06 05:28:00,26.125,25.0625,25.92,25.75,25.43,25,24.69,24.57,24.77,24.65,25.22
2020-04-06 05:38:00,26.125,25.1875,26,25.79,25.42,25.06,24.75,24.6,24.79,24.59,25.27
2020-04-06 05:48:00,26.25,25.25,25.99,25.78,25.46,25.02,24.73,24.6,24.77,24.52,25.19
2020-04-06 05:58:00,26.3125,25.3125,25.97,25.81,25.46,25,24.72,24.6,24.77,24.51,25.18
2020-04-06 06:08:00,26.3125,25.3125,25.95,25.79,25.46,25.06,24.75,24.62,24.79,24.67,25.2
2020-04-06 06:18:00,26.375,25.375,26.03,25.8,25.46,25.04,24.74,24.64,24.8,24.53,25.19
2020-04-06 06:28:00,26.4375,25.4375,25.96,25.82,25.5,25.08,24.75,24.64,24.82,24.7,25.2
2020-04-06 06:38:00,26.5,25.4375,25.92,25.8,25.48,25.06,24.71,24.61,24.79,24.6,25.17
2020-04-06 06:48:00,26.5,25.5,25.94,25.78,25.44,25.03,24.72,24.61,24.78,24.65,25.15
2020-04-06 06:58:00,26.5625,25.5,25.91,25.82,25.46,25.08,24.74,24.59,24.82,24.68,25.16
2020-04-06 07:08:00,26.6875,25.625,25.09,24.76,24.64,24.56,24.71,23.93,24.53,24.41,24.44
2020-04-06 07:18:00,26.625,25.625,25.07,24.86,24.71,24.6,24.74,24.01,24.57,24.51,24.39
2020-04-06 07:28:00,26.625,25.625,25.17,24.86,24.74,24.64,24.79,24.02,24.61,24.52,24.49
2020-04-06 07:38:00,26.6875,25.6875,25.18,24.89,24.77,24.63,24.78,24.07,24.6,24.47,24.69
2020-04-06 07:48:00,26.625,25.6875,25.19,24.95,24.84,24.68,24.8,24.13,24.64,24.61,24.61
2020-04-06 07:58:00,26.625,25.6875,25.23,24.97,24.84,24.68,24.79,24.15,24.65,24.5,24.7
2020-04-06 08:08:00,26.625,25.6875,25.32,25.03,24.91,24.72,24.84,24.2,24.66,24.55,24.76
2020-04-06 08:18:00,26.6875,25.6875,25.36,25.1,24.93,24.75,24.86,24.23,24.68,24.68,24.83
2020-04-06 08:28:00,26.625,25.625,25.47,25.14,25.01,24.82,24.9,24.29,24.72,24.6,24.87
2020-04-06 08:38:00,26.625,25.6875,25.37,25.19,25.01,24.76,24.83,24.28,24.68,24.65,24.85
2020-04-06 08:48:00,26.6875,25.6875,25.43,25.14,25.01,24.8,24.85,24.28,24.73,24.65,24.87
2020-04-06 08:58:00,26.6875,25.6875,25.38,25.09,24.93,24.75,24.76,24.21,24.65,24.53,24.72
2020-04-06 09:08:00,26.6875,25.6875,25.27,25.08,24.89,24.71,24.72,24.21,24.63,24.55,24.65
2020-04-06 09:18:00,26.6875,25.6875,25.28,25.07,24.9,24.71,24.71,24.22,24.62,24.42,24.64
2020-04-06 09:28:00,26.6875,25.6875,25.22,25,24.82,24.65,24.64,24.18,24.55,24.38,24.54
2020-04-06 09:38:00,26.6875,25.75,25.15,24.96,24.79,24.62,24.63,24.15,24.53,24.46,24.59
2020-04-06 09:48:00,26.6875,25.6875,25.15,24.98,24.81,24.6,24.62,24.14,24.51,24.47,24.61
2020-04-06 09:58:00,26.6875,25.6875,25.15,24.99,24.84,24.63,24.6,24.11,24.52,24.45,24.61
2020-04-06 10:08:00,26.625,25.6875,25.26,25.03,24.86,24.67,24.65,24.19,24.54,24.47,24.64
2020-04-06 10:18:00,26.625,25.625,25.25,25.05,24.88,24.65,24.63,24.17,24.55,24.39,24.66
2020-04-06 10:28:00,26.625,25.625,25.29,25.09,24.9,24.68,24.65,24.21,24.57,24.4,24.73
2020-04-06 10:38:00,26.5625,25.625,25.28,25.13,24.93,24.71,24.66,24.24,24.6,24.48,24.74
2020-04-06 10:48:00,25.75,25.75,25.36,25.13,24.94,24.69,24.68,24.22,24.61,24.52,24.72
2020-04-06 10:58:00,25.375,25.4375,25.37,25.15,24.97,24.71,24.67,24.24,24.59,24.39,24.74
2020-04-06 11:08:00,25.25,25.3125,25.42,25.2,24.99,24.74,24.68,24.27,24.6,24.51,24.77
2020-04-06 11:18:00,25.125,25.1875,25.48,25.26,25.03,24.75,24.68,24.3,24.64,24.43,24.82
2020-04-06 11:28:00,25.0625,25.125,25.48,25.33,25.1,24.78,24.69,24.35,24.65,24.54,24.91
2020-04-06 11:38:00,25,25.0625,25.61,25.36,25.11,24.82,24.75,24.38,24.66,24.51,24.98
2020-04-06 11:48:00,24.9375,25,25.57,25.39,25.13,24.84,24.74,24.36,24.68,24.59,24.99
2020-04-06 11:58:00,24.875,24.9375,25.56,25.37,25.15,24.81,24.74,24.35,24.68,24.58,24.97
2020-04-06 12:08:00,24.875,24.875,25.57,25.39,25.13,24.83,24.73,24.38,24.67,24.63,24.94
2020-04-06 12:18:00,24.8125,24.875,25.67,25.44,25.2,24.9,24.77,24.44,24.71,24.5,24.98
2020-04-06 12:28:00,24.8125,24.8125,25.64,25.38,25.18,24.83,24.73,24.38,24.67,24.46,24.95
2020-04-06 12:38:00,24.75,24.75,25.64,25.43,25.19,24.86,24.74,24.42,24.69,24.49,24.96
2020-04-06 12:48:00,24.75,24.75,25.66,25.48,25.2,24.91,24.75,24.44,24.75,24.65,25.03
2020-04-06 12:58:00,24.6875,24.6875,25.62,25.48,25.23,24.88,24.74,24.45,24.72,24.57,25
2020-04-06 13:08:00,24.6875,24.6875,25.7,25.45,25.2,24.88,24.72,24.47,24.7,24.5,24.91
2020-04-06 13:18:00,24.6875,24.6875,25.69,25.47,25.2,24.88,24.72,24.45,24.72,24.56,25
2020-04-06 13:28:00,24.625,24.625,25.71,25.53,25.26,24.92,24.75,24.5,24.74,24.53,25.02
2020-04-06 13:38:00,24.625,24.625,25.61,25.5,25.26,24.88,24.72,24.49,24.7,24.59,24.98
2020-04-06 13:48:00,24.625,24.625,25.67,25.5,25.24,24.89,24.72,24.49,24.71,24.52,24.97
2020-04-06 13:58:00,24.5625,24.5625,25.7,25.48,25.24,24.88,24.72,24.45,24.7,24.48,24.93
2020-04-06 14:08:00,24.5625,24.5625,25.75,25.49,25.25,24.91,24.72,24.48,24.71,24.57,24.98
2020-04-06 14:18:00,24.5625,24.5,25.7,25.54,25.27,24.94,24.74,24.48,24.75,24.63,25.01
2020-04-06 14:28:00,24.5625,24.5,25.7,25.59,25.32,24.94,24.75,24.52,24.77,24.69,25.01
2020-04-06 14:38:00,24.5,24.5,25.8,25.53,25.3,24.92,24.73,24.52,24.73,24.48,25.02
2020-04-06 14:48:00,24.5,24.5,25.78,25.57,25.28,24.94,24.74,24.5,24.73,24.49,24.98
2020-04-06 14:58:00,24.5,24.4375,25.7,25.56,25.29,24.93,24.69,24.49,24.72,24.56,24.94
2020-04-06 15:08:00,24.5,24.4375,25.7,25.58,25.31,24.94,24.74,24.53,24.75,24.6,24.95
2020-04-06 15:18:00,24.5,24.4375,25.72,25.55,25.3,24.98,24.76,24.49,24.76,24.63,24.93
2020-04-06 15:28:00,24.4375,24.375,25.04,24.81,24.68,24.63,24.79,23.98,24.62,24.6,24.79
2020-04-06 15:38:00,24.4375,24.375,25.12,24.87,24.73,24.66,24.82,24.05,24.66,24.61,24.95
2020-04-06 15:48:00,24.375,24.375,25.12,24.88,24.76,24.66,24.83,24.04,24.63,24.6,24.95
2020-04-06 15:58:00,24.375,24.375,25.24,25.02,24.85,24.74,24.9,24.14,24.7,24.66,25.07
2020-04-06 16:08:00,24.375,24.375,25.41,25.06,24.92,24.77,24.96,24.21,24.76,24.68,25.19
2020-04-06 16:18:00,24.375,24.375,25.5,25.14,25.04,24.85,25,24.3,24.81,24.72,25.34
2020-04-06 16:28:00,24.375,24.375,25.57,25.19,25.09,24.87,25.04,24.36,24.82,24.75,25.21
2020-04-06 16:38:00,24.375,24.375,25.51,25.16,25.09,24.92,25.05,24.48,24.85,24.8,24.37
2020-04-06 16:48:00,24.375,24.375,25.41,25.1,25.03,24.87,25,24.36,24.82,24.74,24.79
2020-04-06 16:58:00,24.375,24.375,25.38,25.08,25,24.86,24.96,24.4,24.81,24.75,24.72
2020-04-06 17:08:00,24.375,24.375,25.4,25.14,25.03,24.8,24.95,24.33,24.75,24.69,24.7
2020-04-06 17:18:00,24.375,24.375,25.43,25.17,25.04,24.85,24.96,24.32,24.78,24.7,24.7
2020-04-06 17:28:00,24.375,24.375,25.51,25.21,25.1,24.85,24.97,24.4,24.76,24.66,24.77
2020-04-06 17:38:00,24.375,24.375,25.43,25.15,25.02,24.81,24.88,24.33,24.72,24.69,24.72
2020-04-06 17:48:00,24.375,24.375,25.33,25.1,24.97,24.76,24.81,24.3,24.68,24.53,24.6
2020-04-06 17:58:00,24.375,24.375,25.04,24.93,24.81,24.66,24.66,24.2,24.58,24.47,24.22
2020-04-06 18:08:00,24.375,24.3125,24.92,24.78,24.66,24.57,24.56,24.04,24.52,24.37,24.21
2020-04-06 18:18:00,24.375,24.3125,24.86,24.72,24.59,24.44,24.45,23.95,24.35,24.24,24.23
2020-04-06 18:28:00,24.3125,24.3125,24.91,24.72,24.56,24.42,24.43,23.94,24.37,24.22,24.2
2020-04-06 18:38:00,24.3125,24.3125,24.93,24.77,24.57,24.46,24.46,23.95,24.39,24.28,24.26
2020-04-06 18:48:00,24.3125,24.3125,24.96,24.74,24.6,24.46,24.47,23.94,24.38,24.27,24.3
2020-04-06 18:58:00,24.3125,24.3125,25.01,24.8,24.64,24.48,24.5,23.97,24.43,24.32,24.37
2020-04-06 19:08:00,24.3125,24.3125,25.02,24.84,24.68,24.51,24.48,24,24.43,24.36,24.46
2020-04-06 19:18:00,24.3125,24.3125,25.12,24.95,24.76,24.59,24.55,24.09,24.52,24.45,24.52
2020-04-06 19:28:00,24.3125,24.3125,25.14,24.96,24.77,24.57,24.56,24.1,24.49,24.36,24.53
2020-04-06 19:38:00,24.3125,24.3125,25.24,25.05,24.84,24.63,24.64,24.15,24.54,24.43,24.65
2020-04-06 19:48:00,24.3125,24.25,25.25,25.08,24.9,24.68,24.63,24.19,24.58,24.48,24.66
2020-04-06 19:58:00,24.3125,24.25,25.31,25.08,24.87,24.66,24.63,24.18,24.54,24.45,24.69
2020-04-06 20:08:00,24.3125,24.25,25.25,25.11,24.86,24.67,24.63,24.22,24.57,24.49,24.76
2020-04-06 20:18:00,24.25,24.25,25.4,25.18,24.99,24.73,24.69,24.27,24.63,24.55,24.78
2020-04-06 20:28:00,24.25,24.25,25.39,25.19,24.97,24.73,24.68,24.25,24.62,24.48,24.77
2020-04-06 20:38:00,24.25,24.25,25.41,25.17,24.96,24.73,24.66,24.26,24.62,24.47,24.79
2020-04-06 20:48:00,24.25,24.25,25.44,25.23,25.01,24.77,24.67,24.32,24.67,24.61,24.85
2020-04-06 20:58:00,24.25,24.25,25.44,25.29,25.04,24.8,24.71,24.31,24.68,24.62,24.89
2020-04-06 21:08:00,24.25,24.25,25.53,25.28,25.06,24.81,24.7,24.35,24.68,24.62,24.89
2020-04-06 21:18:00,24.25,24.25,25.49,25.22,25.04,24.82,24.72,24.4,24.69,24.59,24.87
2020-04-06 21:28:00,24.25,24.25,25.38,25.19,25,24.79,24.71,24.33,24.69,24.61,24.8
2020-04-06 21:38:00,24.25,24.25,25.38,25.22,25.02,24.79,24.71,24.36,24.69,24.64,24.85
2020-04-06 21:48:00,24.25,24.25,25.45,25.28,25.06,24.8,24.71,24.34,24.68,24.53,24.89
2020-04-06 21:58:00,24.25,24.25,26.24,26.44,26.49,26.29,26.17,25.96,24.82,24.71,26.34
2020-04-06 22:08:00,24.25,24.25,26.36,26.41,26.49,26.43,26.18,26.03,24.84,24.85,26.09
2020-04-06 22:18:00,24.25,24.25,26.29,26.54,26.55,26.37,26.25,26.04,24.89,24.83,26.37
2020-04-06 22:28:00,24.25,24.25,26.4,26.5,26.58,26.52,26.27,26.14,24.91,24.93,26.3
2020-04-06 22:38:00,24.25,24.1875,26.44,26.69,26.71,26.53,26.4,26.2,25.02,24.92,26.44
2020-04-06 22:48:00,24.25,24.1875,26.47,26.7,26.72,26.59,26.4,26.23,25,25.03,26.49
2020-04-06 22:58:00,24.25,24.1875,26.57,26.66,26.77,26.59,26.47,26.26,25.14,25.05,26.03
2020-04-06 23:08:00,24.1875,24.1875,26.64,26.76,26.82,26.73,26.54,26.37,25.19,25.1,26.64
2020-04-06 23:18:00,24.25,24.1875,26.76,26.84,26.87,26.73,26.62,26.43,25.24,25.22,26.42
2020-04-06 23:28:00,24.1875,24.1875,26.97,26.99,27.04,26.87,26.77,26.57,25.42,25.27,26.34
2020-04-06 23:38:00,24.1875,24.1875,27.17,27.09,27.2,27.13,26.93,26.79,25.58,25.55,26.6
2020-04-06 23:48:00,24.1875,24.1875,27.46,27.43,27.48,27.33,27.21,27.04,25.82,25.69,27.1
2020-04-06 23:58:00,24.1875,24.1875,27.75,27.66,27.79,27.73,27.5,27.38,26.18,26.08,27.06
2020-04-07 00:08:00,24.1875,24.1875,29.19,28.95,28.35,27.87,27.76,27.57,28.28,27.14,28.56
2020-04-07 00:18:00,24.1875,24.1875,29.8,29.56,28.89,28.24,28.08,27.87,28.88,27.71,29.06
2020-04-07 00:28:00,24.1875,24.125,30.51,30.1,29.33,28.65,28.36,28.17,29.44,28.26,29.6
2020-04-07 00:38:00,24.125,24.125,31.17,30.66,29.81,28.97,28.63,28.43,29.93,28.67,30.09
2020-04-07 00:48:00,24.1875,24.125,31.44,30.99,30.11,29.14,28.83,28.59,30.25,28.99,30.29
2020-04-07 00:58:00,24.375,23.6875,31.72,31.26,30.3,29.31,28.92,28.66,30.54,29.27,30.56
2020-04-07 01:08:00,24.6875,23.6875,31.94,31.35,30.47,29.53,28.99,28.75,30.71,29.53,30.62
2020-04-07 01:18:00,24.875,23.875,31.95,31.36,30.48,29.48,28.9,28.69,30.77,29.6,30.56
2020-04-07 01:28:00,25,24.0625,32.14,31.55,30.55,29.42,28.86,28.6,30.9,29.61,30.78
2020-04-07 01:38:00,25.125,24.1875,32.39,31.69,30.67,29.5,28.85,28.61,31.02,29.74,30.85
2020-04-07 01:48:00,25.1875,24.25,32.45,31.7,30.64,29.42,28.79,28.51,31.08,29.66,30.98
2020-04-07 01:58:00,25.3125,24.375,32.39,31.75,30.69,29.36,28.73,28.4,31.08,29.68,30.97
2020-04-07 02:08:00,25.4375,24.5,32.5,31.83,30.7,29.35,28.67,28.35,31.12,29.73,30.95
2020-04-07 02:18:00,25.5,24.5625,32.67,31.9,30.7,29.34,28.62,28.29,31.18,29.75,31.01
2020-04-07 02:28:00,25.625,24.6875,32.56,31.75,30.64,29.34,28.55,28.23,31.14,29.71,31.02
2020-04-07 02:38:00,25.6875,24.75,32.57,31.88,30.7,29.23,28.51,28.14,31.2,29.67,31.08
2020-04-07 02:48:00,25.75,24.8125,32.62,31.83,30.73,29.36,28.48,28.15,31.2,29.76,31.06
2020-04-07 02:58:00,25.875,24.9375,32.67,31.88,30.77,29.39,28.51,28.14,31.22,29.77,31.13
2020-04-07 03:08:00,25.9375,25,32.87,32.05,30.85,29.33,28.46,28.1,31.32,29.9,31.14
2020-04-07 03:18:00,26,25.0625,32.94,32.03,30.88,29.39,28.47,28.1,31.39,29.94,31.24
2020-04-07 03:28:00,26.0625,25.125,33.3,32.29,30.97,29.42,28.48,28.08,31.56,29.95,31.42
2020-04-07 03:38:00,26.125,25.125,33.4,32.38,31.05,29.47,28.5,28.08,31.68,30.02,31.54
2020-04-07 03:48:00,26.1875,25.25,33.4,32.51,31.21,29.59,28.53,28.1,31.7,30.19,31.53
2020-04-07 03:58:00,26.3125,25.3125,33.24,32.42,31.17,29.56,28.5,28.08,31.68,30.2,31.54
2020-04-07 04:08:00,26.375,25.375,33.48,32.61,31.28,29.63,28.55,28.11,31.78,30.26,31.61
2020-04-07 04:18:00,26.4375,25.4375,33.45,32.53,31.29,29.65,28.6,28.12,31.78,30.26,31.61
2020-04-07 04:28:00,26.5,25.5,33.59,32.7,31.37,29.6,28.59,28.1,31.91,30.22,31.8
2020-04-07 04:38:00,26.5625,25.5,33.54,32.71,31.38,29.64,28.6,28.08,31.91,30.35,31.75
2020-04-07 04:48:00,26.625,25.5625,33.25,32.56,31.39,29.66,28.59,28.08,31.77,30.37,31.64
2020-04-07 04:58:00,26.625,25.5625,33.38,32.62,31.42,29.76,28.67,28.14,31.79,30.35,31.66
2020-04-07 05:08:00,26.6875,25.625,33.38,32.54,31.42,29.83,28.66,28.18,31.79,30.37,31.69
2020-04-07 05:18:00,26.6875,25.625,33.3,32.48,31.34,29.76,28.66,28.15,31.82,30.35,31.7
2020-04-07 05:28:00,26.75,25.6875,33.23,32.51,31.4,29.77,28.72,28.15,31.78,30.26,31.72
2020-04-07 05:38:00,26.75,25.6875,33.15,32.44,31.36,29.81,28.71,28.19,31.73,30.37,31.59
2020-04-07 05:48:00,26.75,25.6875,33.17,32.47,31.43,29.78,28.75,28.19,31.75,30.28,31.65
2020-04-07 05:58:00,26.75,25.75,33.17,32.53,31.44,29.86,28.78,28.21,31.75,30.36,31.61
2020-04-07 06:08:00,26.8125,25.75,33.13,32.45,31.41,29.86,28.81,28.22,31.72,30.26,31.66
2020-04-07 06:18:00,26.8125,25.75,33.06,32.43,31.39,29.79,28.8,28.21,31.66,30.26,31.65
2020-04-07 06:28:00,26.8125,25.75,33.08,32.39,31.38,29.91,28.86,28.26,31.66,30.3,31.6
2020-04-07 06:38:00,26.8125,25.75,33.1,32.34,31.34,29.89,28.82,28.25,31.67,30.32,31.58
2020-04-07 06:48:00,26.75,25.8125,32.96,32.29,31.29,29.83,28.8,28.2,31.65,30.23,31.63
2020-04-07 06:58:00,26.8125,25.8125,32.97,32.3,31.32,29.91,28.81,28.27,31.62,30.33,31.55
2020-04-07 07:08:00,26.8125,25.8125,32.87,32.27,31.31,29.82,28.81,28.24,31.6,30.23,31.57
2020-04-07 07:18:00,26.8125,25.8125,32.95,32.29,31.39,29.96,28.87,28.31,31.58,30.36,31.42
2020-04-07 07:28:00,26.8125,25.75,32.56,32.07,31.24,29.84,28.84,28.24,31.43,30.17,31.42
2020-04-07 07:38:00,26.8125,25.8125,32.69,32.05,31.21,29.84,28.84,28.25,31.44,30.15,31.44
2020-04-07 07:48:00,26.8125,25.8125,32.68,32.15,31.23,29.9,28.84,28.28,31.45,30.25,31.31
2020-04-07 07:58:00,26.8125,25.8125,32.53,32.01,31.14,29.76,28.81,28.19,31.38,30.17,31.33
2020-04-07 08:08:00,26.8125,25.8125,32.52,32.03,31.18,29.75,28.82,28.21,31.37,30.13,31.3
2020-04-07 08:18:00,26.8125,25.8125,32.34,31.84,31.1,29.8,28.78,28.23,31.29,30.14,31.2
2020-04-07 08:28:00,26.75,25.8125,32.22,31.77,31.02,29.67,28.74,28.15,31.17,29.97,31.14
2020-04-07 08:38:00,26.75,25.8125,31.99,31.65,30.94,29.65,28.75,28.14,31.04,29.96,30.95
2020-04-07 08:48:00,26.75,25.8125,31.53,30.93,30.87,29.76,28.74,28.2,29.87,29.79,30.51
2020-04-07 08:58:00,26.75,25.8125,31.25,30.42,30.4,29.49,28.67,28.09,29.08,28.91,30.21
2020-04-07 09:08:00,26.75,25.8125,31.12,30.08,30.1,29.45,28.61,28.08,28.76,28.67,29.94
2020-04-07 09:18:00,26.75,25.8125,30.91,29.96,29.98,29.3,28.58,28.03,28.6,28.42,29.96
2020-04-07 09:28:00,26.6875,25.8125,30.87,29.74,29.8,29.28,28.52,28.01,28.36,28.31,29.68
2020-04-07 09:38:00,26.6875,25.8125,30.68,29.53,29.58,29.14,28.43,27.94,28.2,28.16,29.56
2020-04-07 09:48:00,25.875,25.875,30.62,29.5,29.52,29.02,28.44,27.88,28.07,27.98,29.55
2020-04-07 09:58:00,25.5,25.5625,30.49,29.31,29.38,29.01,28.35,27.87,27.95,27.9,29.36
2020-04-07 10:08:00,25.375,25.375,30.24,29.15,29.19,28.82,28.26,27.77,27.83,27.75,29.31
2020-04-07 10:18:00,25.25,25.3125,30.29,29.06,29.1,28.7,28.21,27.72,27.71,27.55,29.4
2020-04-07 10:28:00,25.1875,25.1875,30.17,28.94,29,28.69,28.19,27.71,27.63,27.49,29.21
2020-04-07 10:38:00,25.125,25.125,30.19,28.93,28.97,28.61,28.14,27.65,27.51,27.36,29.22
2020-04-07 10:48:00,25,25.0625,29.82,28.67,28.73,28.36,27.94,27.5,27.29,27.19,28.95
2020-04-07 10:58:00,24.9375,25,29.91,28.67,28.71,28.37,27.95,27.5,27.21,27.14,28.89
2020-04-07 11:08:00,24.9375,24.9375,29.51,28.47,28.55,28.2,27.84,27.41,27.16,26.98,28.81
2020-04-07 11:18:00,24.875,24.9375,29.61,28.45,28.48,28.15,27.8,27.39,27.05,26.93,28.83
2020-04-07 11:28:00,24.875,24.875,29.63,28.36,28.39,28.15,27.76,27.37,27,26.86,28.82
2020-04-07 11:38:00,24.8125,24.875,29.38,28.27,28.34,28.03,27.7,27.31,26.9,26.78,28.62
2020-04-07 11:48:00,24.8125,24.8125,29.36,28.17,28.24,28.04,27.65,27.29,26.83,26.72,28.62
2020-04-07 11:58:00,24.8125,24.8125,29.37,28.2,28.27,28.05,27.63,27.3,26.75,26.76,28.48
2020-04-07 12:08:00,24.75,24.75,29.23,28.12,28.18,27.89,27.58,27.18,26.71,26.56,28.48
2020-04-07 12:18:00,24.75,24.75,29.28,28.08,28.13,27.96,27.56,27.23,26.65,26.6,28.45
2020-04-07 12:28:00,24.75,24.75,29.22,28,28.06,27.9,27.51,27.17,26.6,26.5,28.4
2020-04-07 12:38:00,24.6875,24.6875,29.12,27.96,28.02,27.86,27.48,27.16,26.53,26.47,28.33
2020-04-07 12:48:00,24.6875,24.6875,28.99,27.89,27.94,27.78,27.4,27.08,26.43,26.4,28.11
2020-04-07 12:58:00,24.6875,24.6875,28.86,27.82,27.91,27.77,27.37,27.07,26.41,26.36,28.04
2020-04-07 13:08:00,24.625,24.625,28.84,27.77,27.85,27.7,27.33,27.05,26.35,26.32,28.08
2020-04-07 13:18:00,24.625,24.625,28.65,27.65,27.73,27.6,27.25,26.98,26.24,26.2,27.89
2020-04-07 13:28:00,24.625,24.625,28.58,27.58,27.68,27.53,27.24,26.93,26.24,26.14,27.91
2020-04-07 13:38:00,24.625,24.625,28.56,27.6,27.67,27.46,27.21,26.89,26.19,26.04,27.93
2020-04-07 13:48:00,24.5625,24.5625,28.61,27.64,27.69,27.57,27.21,26.94,26.16,26.11,27.84
2020-04-07 13:58:00,24.5625,24.5625,28.34,27.5,27.6,27.4,27.15,26.85,26.18,26,27.73
2020-04-07 14:08:00,24.5625,24.5625,28.44,27.6,27.64,27.43,27.19,26.88,26.06,26.01,27.72
2020-04-07 14:18:00,24.5625,24.5625,28.36,27.45,27.52,27.39,27.11,26.83,26.05,25.94,27.74
2020-04-07 14:28:00,24.5625,24.5625,28.3,27.5,27.55,27.34,27.09,26.82,26.01,25.86,27.75
2020-04-07 14:38:00,24.5625,24.5,28.26,27.45,27.55,27.41,27.1,26.86,25.97,25.97,27.5
2020-04-07 14:48:00,24.5,24.5,28.18,27.35,27.41,27.32,27.02,26.78,25.9,25.89,27.59
2020-04-07 14:58:00,24.5,24.5,28.08,27.36,27.42,27.31,26.99,26.76,25.89,25.91,27.55
2020-04-07 15:08:00,24.5,24.5,28.09,27.31,27.36,27.24,26.96,26.69,25.82,25.72,27.65
2020-04-07 15:18:00,24.5,24.5,27.89,27.28,27.32,27.15,26.89,26.64,25.74,25.73,27.48
2020-04-07 15:28:00,24.5,24.5,27.7,27.18,27.22,27.04,26.82,26.56,25.68,25.66,27.42
2020-04-07 15:38:00,24.5,24.4375,27.73,27.13,27.16,27,26.8,26.53,25.66,25.54,27.46
2020-04-07 15:48:00,24.5,24.4375,27.57,27.07,27.09,26.96,26.73,26.49,25.59,25.58,27.27
2020-04-07 15:58:00,24.5,24.5,27.62,27.12,27.15,26.92,26.75,26.48,25.58,25.48,27.3
2020-04-07 16:08:00,24.5,24.4375,27.59,26.97,27.05,26.95,26.69,26.43,25.55,25.43,27.15
2020-04-07 16:18:00,24.5,24.4375,27.49,26.91,26.97,26.84,26.61,26.37,25.43,25.32,27.07
2020-04-07 16:28:00,24.4375,24.4375,27.3,26.81,26.87,26.79,26.5,26.3,25.31,25.31,26.98
2020-04-07 16:38:00,24.4375,24.4375,27.17,26.76,26.83,26.67,26.48,26.24,25.27,25.25,26.85
2020-04-07 16:48:00,24.4375,24.4375,27.14,26.73,26.82,26.59,26.42,26.21,25.26,25.18,26.79
2020-04-07 16:58:00,24.4375,24.4375,27.16,26.68,26.75,26.62,26.43,26.17,25.23,25.14,26.86
2020-04-07 17:08:00,24.4375,24.4375,26.94,26.56,26.66,26.58,26.31,26.14,25.12,25.11,26.8
2020-04-07 17:18:00,24.4375,24.4375,26.86,26.59,26.64,26.48,26.3,26.08,25.08,25,26.74
2020-04-07 17:28:00,24.4375,24.4375,26.91,26.54,26.63,26.54,26.3,26.07,25.05,25,26.69
2020-04-07 17:38:00,24.4375,24.4375,26.63,26.48,26.54,26.39,26.2,26,24.99,24.96,26.63
2020-04-07 17:48:00,24.4375,24.375,26.63,26.5,26.54,26.34,26.21,25.97,24.98,24.86,26.75
2020-04-07 17:58:00,24.4375,24.375,26.62,26.54,26.59,26.44,26.2,26.03,24.96,24.96,26.6
2020-04-07 18:08:00,24.4375,24.375,26.55,26.48,26.54,26.35,26.18,25.97,24.92,24.87,26.56
2020-04-07 18:18:00,24.4375,24.375,26.65,26.49,26.53,26.41,26.22,25.99,24.96,24.85,26.65
2020-04-07 18:28:00,24.4375,24.375,26.56,26.53,26.55,26.37,26.18,25.98,24.91,24.83,26.61
2020-04-07 18:38:00,24.375,24.375,26.53,26.46,26.53,26.46,26.18,26.02,24.91,24.92,26.53
2020-04-07 18:48:00,24.375,24.375,26.46,26.47,26.53,26.41,26.16,25.99,24.88,24.91,26.47
2020-04-07 18:58:00,24.4375,24.375,26.46,26.48,26.54,26.43,26.2,25.98,24.89,24.88,26.36
2020-04-07 19:08:00,24.375,24.375,26.38,26.51,26.54,26.38,26.19,25.98,24.89,24.83,26.45
2020-04-07 19:18:00,24.375,24.375,26.28,26.45,26.47,26.26,26.14,25.93,24.87,24.76,26.59
2020-04-07 19:28:00,24.375,24.375,26.35,26.43,26.51,26.4,26.17,25.98,24.87,24.79,26.48
2020-04-07 19:38:00,24.375,24.375,26.33,26.45,26.5,26.38,26.15,25.99,24.83,24.85,26.29
2020-04-07 19:48:00,24.375,24.375,26.36,26.41,26.49,26.41,26.16,26,24.83,24.82,26.37
2020-04-07 19:58:00,24.375,24.375,26.29,26.47,26.48,26.34,26.15,25.94,24.79,24.8,26.21
2020-04-07 20:08:00,24.375,24.375,26.11,26.42,26.46,26.29,26.13,25.92,24.8,24.75,26.38
2020-04-07 20:18:00,24.375,24.3125,26.15,26.36,26.42,26.3,26.13,25.92,24.81,24.7,26.39
